55 Cnc e,Radial Velocity,0.73654740000,1.87500000,7.99000000
BD+20 594 b,Transit,41.68550000000,2.57807000,22.24810000
BD-14 3065 b,Transit,4.28897310000,21.59000000,3932.00000000
CFHTWIR-Oph 98 b,Imaging,8040000.00000000000,20.84870410,2479.06157460
CoRoT-1 b,Transit,1.50895570000,16.70000000,327.35000000
CoRoT-10 b,Transit,13.24060000000,10.87000000,874.00000000
CoRoT-11 b,Transit,2.99433000000,16.03000000,740.51000000
CoRoT-12 b,Transit,2.82804200000,16.14000000,291.43800000
CoRoT-13 b,Transit,4.03519000000,9.92000000,415.70400000
CoRoT-14 b,Transit,1.51214000000,12.22000000,2415.40000000
CoRoT-16 b,Transit,5.35227000000,13.11000000,170.03200000
CoRoT-17 b,Transit,3.76810000000,11.43000000,772.29000000
CoRoT-18 b,Transit,1.90006930000,14.68000000,1102.82000000
CoRoT-19 b,Transit,3.89713000000,14.46000000,352.78000000
CoRoT-2 b,Transit,1.74299350000,16.43200000,1102.82000000
CoRoT-21 b,Transit,2.72474000000,14.57170000,718.29580000
CoRoT-22 b,Transit,9.75598000000,4.88000000,12.20000000
CoRoT-23 b,Transit,3.63130000000,11.77000000,889.90000000
CoRoT-24 b,Transit,5.11340000000,3.70000000,5.70000000
CoRoT-24 c,Transit,11.75900000000,5.00000000,28.00000000
CoRoT-25 b,Transit,4.86069000000,12.11000000,85.81000000
CoRoT-26 b,Transit,4.20474000000,14.12000000,165.26000000
CoRoT-27 b,Transit,3.57532000000,11.28700000,3302.11000000
CoRoT-28 b,Transit,5.20851000000,10.70459500,153.82972000
CoRoT-29 b,Transit,2.85057000000,10.08810000,270.15550000
CoRoT-3 b,Transit,4.25680000000,11.32000000,6883.91000000
CoRoT-30 b,Transit,9.06005000000,11.30988100,921.70700000
CoRoT-31 b,Transit,4.62941000000,16.36514000,266.97720000
CoRoT-32 b,Transit,6.71837000000,6.38913000,47.67450000
CoRoT-35 b,Transit,3.22748000000,18.83108758,349.61124770
CoRoT-36 b,Transit,5.61653100000,15.80466279,216.12331676
CoRoT-4 b,Transit,9.20205000000,13.34000000,228.83000000
CoRoT-5 b,Transit,4.03789620000,15.55800000,148.42000000
CoRoT-6 b,Transit,8.88659300000,13.06800000,940.74000000
CoRoT-7 b,Transit,0.85359163000,1.68135000,4.07660518
CoRoT-8 b,Transit,6.21229000000,6.39000000,69.92000000
CoRoT-9 b,Transit,95.27265600000,11.94879400,266.97720000
EPIC 201595106 b,Transit,0.87724000000,1.56500000,7.67000000
EPIC 220674823 b,Transit,0.57131270000,1.67600000,7.80000000
EPIC 220674823 c,Transit,13.33989000000,2.84000000,7.32000000
EPIC 229004835 b,Transit,16.14113200000,2.33200000,10.40000000
EPIC 246851721 b,Transit,6.18023500000,11.78065900,953.49000000
EPIC 248847494 b,Transit,3650.00000000000,12.44199000,4131.79000000
EPIC 249893012 b,Transit,3.59510000000,1.95000000,8.75000000
EPIC 249893012 c,Transit,15.62400000000,3.67000000,14.67000000
EPIC 249893012 d,Transit,35.74700000000,3.94000000,10.18000000
G 9-40 b,Transit,5.74599820000,1.90000000,4.00000000
GJ 1132 b,Transit,1.62892911000,1.19151465,1.83704819
GJ 1214 b,Transit,1.58040453100,2.73300000,8.41000000
GJ 1252 b,Transit,0.51823310000,1.19300000,1.32000000
GJ 143 b,Transit,35.61253000000,2.61000000,22.70000000
GJ 3090 b,Transit,2.85310198000,2.18000000,4.52000000
GJ 341 b,Transit,7.57686000000,0.88000000,4.00000000
GJ 3470 b,Radial Velocity,3.33664960000,4.57000000,13.90000000
GJ 3473 b,Transit,1.19800350000,1.26400000,1.86000000
GJ 367 b,Transit,0.32192250000,0.69900000,0.63300000
GJ 3929 b,Transit,2.61623500000,1.09000000,1.75000000
GJ 414 A b,Radial Velocity,50.80000000000,2.63000000,7.60000000
GJ 414 A c,Radial Velocity,749.83000000000,8.40000000,53.83000000
GJ 436 b,Radial Velocity,2.64388312000,4.17000000,22.10000000
GJ 486 b,Radial Velocity,1.46712127000,1.28900000,2.77000000
GJ 806 b,Transit,0.92632370000,1.33100000,1.90000000
GJ 9827 b,Transit,1.20897400000,1.44000000,4.28000000
GJ 9827 c,Transit,3.64810300000,1.13000000,1.86000000
GJ 9827 d,Transit,6.20183000000,1.98000000,3.02000000
GPX-1 b,Transit,1.74457900000,16.47720163,6261.21961790
Gaia-1 b,Transit,3.05252400000,13.77583728,533.95172376
Gaia-2 b,Transit,3.69152240000,14.81827249,259.66580852
Gliese 12 b,Transit,12.76140800000,0.95800000,3.87000000
HAT-P-1 b,Transit,4.46529976000,14.78467100,166.86075000
HAT-P-12 b,Transit,3.21305980000,10.74900000,67.05900000
HAT-P-13 b,Transit,2.91625000000,14.25800000,270.46200000
HAT-P-14 b,Transit,4.62767000000,15.91678000,1093.33520000
HAT-P-15 b,Transit,10.86350000000,11.88154000,616.59020000
HAT-P-17 b,Transit,10.33852000000,11.76945000,184.34140000
HAT-P-18 b,Transit,5.50802300000,11.15300000,62.61000000
HAT-P-19 b,Transit,4.00878322000,11.29865255,88.03846874
HAT-P-20 b,Transit,2.87531700000,9.71800000,2302.89900000
HAT-P-21 b,Transit,4.12448000000,12.44199000,1547.83210000
HAT-P-22 b,Transit,3.21222000000,12.89035000,785.04010000
HAT-P-23 b,Transit,1.21288400000,15.33400000,664.23700000
HAT-P-24 b,Transit,3.35524000000,14.57170000,238.37250000
HAT-P-25 b,Transit,3.65281514000,12.72221500,180.84527000
HAT-P-26 b,Transit,4.23452000000,7.06167000,22.24810000
HAT-P-27 b,Transit,3.03957700000,11.43000000,197.05000000
HAT-P-28 b,Transit,3.25721500000,13.58500000,198.95300000
HAT-P-29 b,Transit,5.72319000000,13.11453000,279.69040000
HAT-P-3 b,Transit,2.89970000000,10.53646000,206.58950000
HAT-P-30 b,Transit,2.81060000000,16.14096000,263.79890000
HAT-P-31 b,Transit,5.00542000000,12.21781000,721.47410000
HAT-P-32 b,Transit,2.15000820000,22.19382000,216.12440000
HAT-P-33 b,Transit,3.47447000000,20.73665000,292.40360000
HAT-P-34 b,Transit,5.45265400000,13.41717300,1058.37390000
HAT-P-35 b,Transit,3.64670600000,14.93038800,335.62848000
HAT-P-36 b,Transit,1.32734683000,14.31389300,587.41340600
HAT-P-37 b,Transit,2.79743600000,13.20400000,371.52800000
HAT-P-38 b,Transit,4.64038200000,9.24700000,84.85700000
HAT-P-39 b,Transit,3.54387000000,17.60900000,190.37200000
HAT-P-4 b,Transit,3.05653600000,14.28000000,213.25500000
HAT-P-40 b,Transit,4.45724000000,17.03768000,152.55840000
HAT-P-41 b,Transit,2.69405000000,22.97845000,378.21770000
HAT-P-42 b,Transit,4.64187800000,14.34800000,331.80100000
HAT-P-44 b,Transit,4.30121900000,13.92200000,111.87100000
HAT-P-45 b,Transit,3.12899200000,15.98400000,283.49200000
HAT-P-46 b,Transit,4.46312900000,14.39200000,156.68400000
HAT-P-49 b,Transit,2.69155000000,17.82231000,699.22600000
HAT-P-5 b,Transit,2.78849000000,13.56289000,311.47340000
HAT-P-50 b,Transit,3.12201090000,14.43719200,429.07050000
HAT-P-51 b,Transit,4.21802091000,13.50682174,97.57332095
HAT-P-52 b,Transit,2.75359530000,11.30988100,259.98494000
HAT-P-53 b,Transit,1.96162410000,14.77346200,471.65972000
HAT-P-54 b,Transit,3.79984700000,10.58129600,241.55080000
HAT-P-55 b,Transit,3.58523130000,14.84069045,189.42573057
HAT-P-56 b,Transit,2.79083000000,16.92559000,734.18730000
HAT-P-57 b,Transit,2.46530000000,19.50366000,448.14030000
HAT-P-58 b,Transit,4.01383790000,14.93036229,118.23216740
HAT-P-59 b,Transit,4.14197710000,12.58768533,489.45574678
HAT-P-6 b,Transit,3.85298000000,16.58932000,419.53560000
HAT-P-60 b,Transit,4.79478130000,18.28184752,182.43350562
HAT-P-61 b,Transit,1.90231289000,10.07687365,335.94462620
HAT-P-62 b,Transit,2.64532350000,12.02723629,241.86741773
HAT-P-63 b,Transit,3.37772800000,12.54284940,195.14664190
HAT-P-64 b,Transit,4.00723200000,19.08889413,184.34047606
HAT-P-65 b,Transit,2.60544751000,18.05766791,176.07693748
HAT-P-66 b,Transit,2.97208600000,17.82231000,248.86089000
HAT-P-67 b,Transit,4.81010690000,23.98721870,143.02278315
HAT-P-68 b,Transit,2.29840551000,12.01604800,230.10892000
HAT-P-69 b,Transit,4.78694910000,18.78628400,1137.83140000
HAT-P-7 b,Transit,2.20474000000,16.92559000,584.80720000
HAT-P-70 b,Transit,2.74432452000,20.96083000,2154.88740000
HAT-P-8 b,Transit,3.07634000000,15.69260000,406.82240000
HAT-P-9 b,Transit,3.92281072000,15.61413700,238.05467000
HATS-1 b,Transit,3.44645900000,14.59400000,589.55000000
HATS-10 b,Transit,3.31284600000,10.86152100,167.17858000
HATS-13 b,Transit,3.04404990000,13.58530800,172.58169000
HATS-14 b,Transit,2.76676410000,11.64615100,340.39593000
HATS-15 b,Transit,1.74748753000,12.38594500,689.69110000
HATS-16 b,Transit,2.68650200000,14.57170000,1039.30410000
HATS-17 b,Transit,16.25461100000,8.70939300,425.25654000
HATS-18 b,Transit,0.83784000000,14.89676100,629.14448500
HATS-2 b,Transit,1.35413379000,12.57647635,435.42491759
HATS-22 b,Transit,4.72281240000,10.68217700,870.85420000
HATS-23 b,Transit,2.16051560000,20.84874000,467.21010000
HATS-24 b,Transit,1.34849780000,15.63655500,718.29580000
HATS-25 b,Transit,4.29864320000,14.12334000,194.82979000
HATS-26 b,Transit,3.30238810000,19.61575000,206.58950000
HATS-27 b,Transit,4.63703800000,16.81350000,168.44990000
HATS-28 b,Transit,3.18107810000,13.38354600,213.58176000
HATS-29 b,Transit,4.60587490000,14.02245900,207.54299000
HATS-3 b,Transit,3.54785100000,15.48000000,340.38200000
HATS-30 b,Transit,3.17435160000,13.17057500,224.38798000
HATS-31 b,Transit,3.37796000000,18.38276000,279.69040000
HATS-32 b,Transit,2.81265480000,14.00004100,292.40360000
HATS-33 b,Transit,2.54955510000,13.78707000,378.85336000
HATS-34 b,Transit,2.10616070000,16.02887000,299.07803000
HATS-35 b,Transit,1.82099930000,16.40997600,388.38826000
HATS-37 A b,Transit,4.33153660000,6.79265400,31.46517000
HATS-38 b,Transit,4.37502100000,6.88232600,23.51942000
HATS-39 b,Transit,4.57763480000,17.59813000,200.23290000
HATS-4 b,Transit,2.51672900000,11.43300000,420.47100000
HATS-40 b,Transit,3.26427360000,17.71022000,505.34970000
HATS-41 b,Transit,4.19364900000,14.90797000,3082.95100000
HATS-42 b,Transit,2.29210200000,15.69260000,597.52040000
HATS-43 b,Transit,4.38884970000,13.22662000,82.95363000
HATS-44 b,Transit,2.74390040000,11.96000300,177.98480000
HATS-45 b,Transit,4.18762440000,14.41477400,222.48100000
HATS-46 b,Transit,4.74237290000,10.12172700,54.98459000
HATS-47 b,Transit,3.92280380000,12.52045300,117.27927000
HATS-48 A b,Transit,3.13166660000,8.96720000,77.23269000
HATS-49 b,Transit,4.14804670000,8.57488500,112.19399000
HATS-5 b,Transit,4.76338700000,10.22300000,75.32300000
HATS-50 b,Transit,3.82970150000,12.66617000,123.95370000
HATS-51 b,Transit,3.34887020000,15.80469000,244.09344000
HATS-52 b,Transit,1.36665436000,15.49083800,711.93920000
HATS-53 b,Transit,3.85377680000,15.02006000,189.10885000
HATS-54 b,Transit,2.54417650000,11.37711541,239.32479047
HATS-55 b,Transit,4.20420010000,14.02245900,292.72143000
HATS-56 b,Transit,4.32479900000,18.92079200,191.33366000
HATS-57 b,Transit,2.35062100000,12.76705100,1000.21101000
HATS-58 A b,Transit,4.21808960000,12.27385500,327.36490000
HATS-59 b,Transit,5.41608100000,12.62133400,256.17098000
HATS-6 b,Transit,3.32527250000,11.18658200,101.38777000
HATS-60 b,Transit,3.56082900000,12.92397700,210.40346000
HATS-61 b,Transit,7.81795300000,13.39475500,1080.62200000
HATS-62 b,Transit,3.27688370000,11.82549500,56.89157000
HATS-63 b,Transit,3.05665270000,13.52926300,305.11680000
HATS-64 b,Transit,4.90889700000,18.81991100,305.11680000
HATS-65 b,Transit,3.10516100000,16.82470900,260.93843000
HATS-66 b,Transit,3.14143910000,15.81589900,1694.03390000
HATS-67 b,Transit,1.60917880000,18.88716500,460.85350000
HATS-68 b,Transit,3.58622020000,13.80948800,410.00070000
HATS-69 b,Transit,2.22525770000,10.59250500,183.38791000
HATS-7 b,Transit,3.18531500000,6.31066700,38.13960000
HATS-70 b,Transit,1.88823780000,15.51325600,4100.00700000
HATS-71 b,Transit,3.79552020000,11.47801600,117.59710000
HATS-72 b,Transit,7.32794740000,8.09738160,39.85588200
HATS-74 A b,Transit,1.73185606000,11.56766808,464.02947422
HATS-75 b,Transit,2.78865560000,9.90873894,156.05374784
HATS-76 b,Transit,1.94164230000,12.09449018,835.57088200
HATS-77 b,Transit,3.08762620000,13.05846252,436.69623122
HATS-8 b,Transit,3.58389300000,9.78545700,43.86054000
HD 106315 b,Transit,9.55237000000,2.44000000,12.60000000
HD 106315 c,Transit,21.05704000000,4.35000000,15.20000000
HD 110067 b,Transit,9.11367800000,2.20000000,5.69000000
HD 110067 c,Transit,13.67369400000,2.38800000,6.30000000
HD 110067 d,Transit,20.51961700000,2.85200000,8.52000000
HD 110067 e,Transit,30.79309100000,1.94000000,3.90000000
HD 110067 f,Transit,41.05854000000,2.60100000,5.04000000
HD 110067 g,Transit,54.76992000000,2.60700000,8.40000000
HD 110113 b,Transit,2.54100000000,2.05000000,4.55000000
HD 114082 b,Radial Velocity,109.75000000000,11.20898070,2542.62725600
HD 118203 b,Radial Velocity,6.13497790000,12.77823800,680.15279098
HD 136352 b,Radial Velocity,11.57797000000,1.66400000,4.72000000
HD 136352 c,Radial Velocity,27.59221000000,2.91600000,11.24000000
HD 136352 d,Radial Velocity,107.24500000000,2.56200000,8.82000000
HD 137496 b,Transit,1.62116000000,1.31000000,4.04000000
HD 1397 b,Transit,11.53533000000,11.50043400,131.89945000
HD 143811 AB b,Imaging,117000.00000000000,15.69257298,1938.75328270
HD 149026 b,Radial Velocity,2.87589000000,8.29466000,120.77540000
HD 152843 b,Transit,11.62071000000,3.05000000,9.82000000
HD 152843 c,Transit,19.50210400000,5.94000000,9.67000000
HD 15337 b,Transit,4.75598040000,1.77000000,6.51900000
HD 15337 c,Transit,17.18054600000,2.52600000,6.79200000
HD 17156 b,Radial Velocity,21.21642940000,12.26262489,1036.12060682
HD 183579 b,Transit,17.47129100000,3.49000000,20.40000000
HD 18599 b,Transit,4.13743540000,2.60000000,24.10000000
HD 189733 b,Radial Velocity,2.21857567000,12.66617000,359.14790000
HD 191939 b,Transit,8.88032560000,3.41000000,10.00000000
HD 191939 c,Transit,28.57974300000,3.19500000,8.00000000
HD 191939 d,Transit,38.35303700000,2.99500000,2.80000000
HD 202772 A b,Transit,3.30895800000,17.31790500,323.23311000
HD 20329 b,Transit,0.92611800000,1.72000000,7.42000000
HD 206893 b,Imaging,9350.00000000000,14.01122587,8899.19539600
HD 206893 c,Imaging,2090.00000000000,16.36511182,4036.42076890
HD 207496 b,Transit,6.44100800000,2.25000000,6.10000000
HD 207897 b,Transit,16.20166000000,2.34302132,14.80000000
HD 209458 b,Radial Velocity,3.52474859000,15.58051000,232.01590000
HD 213885 b,Transit,1.00803500000,1.74500000,8.83000000
HD 21520 b,Transit,25.12920000000,2.69700000,17.70000000
HD 21749 c,Transit,7.78993000000,0.89200000,3.70000000
HD 219134 b,Radial Velocity,3.09292600000,1.60200000,4.74000000
HD 219134 c,Radial Velocity,6.76458000000,1.51100000,4.36000000
HD 219134 d,Radial Velocity,46.85900000000,1.61000000,16.17000000
HD 219134 f,Radial Velocity,22.71700000000,1.31000000,7.30000000
HD 219666 b,Transit,6.03446800000,4.89800000,17.60000000
HD 221416 b,Transit,14.27670000000,9.17000000,60.50000000
HD 224018 b,Radial Velocity,10.64130000000,0.91000000,4.10000000
HD 224018 c,Transit,36.57669000000,2.42000000,10.40000000
HD 224018 d,Transit,138.07310000000,2.40000000,4.20000000
HD 22946 d,Transit,47.42489000000,2.60700000,26.57000000
HD 23472 b,Transit,17.66708700000,2.00000000,8.32000000
HD 23472 c,Transit,29.79749000000,1.87000000,3.41000000
HD 23472 d,Transit,3.97664000000,0.75000000,0.55000000
HD 23472 e,Transit,7.90754000000,0.81800000,0.72000000
HD 23472 f,Transit,12.16218390000,1.13700000,0.77000000
HD 235088 b,Transit,7.43413250000,1.98200000,4.15000000
HD 25463 b,Transit,7.04914230000,2.54535814,8.70000000
HD 25463 c,Transit,3.04405000000,1.36354953,4.30000000
HD 260655 b,Transit,2.76953000000,1.24000000,2.14000000
HD 260655 c,Transit,5.70588000000,1.53300000,3.09000000
HD 2685 b,Transit,4.12688000000,16.14096000,371.86110000
HD 28109 b,Transit,22.89105400000,2.69000000,6.20000000
HD 28109 c,Transit,55.99712000000,4.13000000,9.20000000
HD 28109 d,Transit,84.28990000000,3.11000000,5.80000000
HD 3167 b,Transit,0.95964100000,1.67000000,4.97000000
HD 3167 c,Transit,29.84540000000,3.00000000,11.13000000
HD 332231 b,Transit,18.71202400000,9.07303305,74.10000000
HD 35843 c,Transit,46.96220000000,2.54000000,11.32000000
HD 5278 b,Transit,14.33915600000,2.45000000,7.80000000
HD 6061 b,Transit,5.25490000000,2.42763557,10.00000000
HD 63433 b,Transit,7.10794750000,2.14000000,21.75500000
HD 63433 c,Transit,20.54382810000,2.69200000,15.53900000
HD 63935 b,Transit,9.05880700000,2.91575244,10.50000000
HD 63935 c,Radial Velocity,21.40270000000,3.06451296,11.10000000
HD 73344 b,Transit,15.61100000000,2.88400000,10.48000000
HD 73583 b,Transit,6.39804200000,2.79000000,10.20000000
HD 73583 c,Transit,18.87974000000,2.39000000,9.70000000
HD 77946 b,Transit,6.52736300000,2.89646124,10.90000000
HD 80606 b,Radial Velocity,111.43676500000,11.56766808,1323.46926959
HD 80653 b,Transit,0.71957300000,1.61300000,5.72000000
HD 86226 c,Transit,3.98442000000,2.16000000,7.25000000
HD 88986 b,Radial Velocity,146.05000000000,2.49000000,17.20000000
HD 89345 b,Transit,11.81430000000,7.39794000,34.96130000
HD 93963 A b,Transit,1.03761090000,1.46954368,2.80000000
HD 93963 A c,Transit,3.64513890000,3.11976057,18.40000000
HD 97658 b,Radial Velocity,9.48971160000,2.12000000,8.30000000
HIP 116454 b,Transit,9.10041570000,2.46900000,9.70000000
HIP 29442 c,Radial Velocity,3.53795590000,1.55100000,4.50000000
HIP 29442 d,Radial Velocity,6.42957500000,1.53800000,5.14000000
HIP 41378 b,Transit,15.57208000000,2.59500000,6.89000000
HIP 41378 c,Transit,31.70603000000,2.72700000,4.40000000
HIP 41378 d,Transit,278.36180000000,3.54000000,4.60000000
HIP 41378 e,Transit,369.00000000000,4.92000000,12.00000000
HIP 41378 f,Transit,542.07975000000,9.20000000,12.00000000
HIP 65 A b,Transit,0.98097340000,22.75427000,1021.18779000
HIP 8152 b,Transit,10.75101400000,2.53625843,8.90000000
HIP 8152 c,Transit,19.60562000000,2.52442508,10.70000000
HIP 94235 b,Transit,7.71305700000,3.00000000,379.00000000
HIP 9618 b,Transit,20.77285800000,3.82838127,8.30000000
HIP 9618 c,Transit,52.56363000000,3.42855926,7.00000000
HIP 97166 b,Transit,10.28891400000,2.48013380,19.10000000
HR 858 b,Transit,3.58528700000,2.00400000,3.55000000
HR 858 c,Transit,5.97386500000,1.97900000,3.80000000
HR 858 d,Transit,11.23051100000,2.00100000,7.10000000
HR 8799 b,Imaging,170000.00000000000,13.00000000,2000.00000000
HR 8799 c,Imaging,69000.00000000000,13.00000000,3000.00000000
HR 8799 d,Imaging,37000.00000000000,13.00000000,3000.00000000
K2-10 b,Transit,19.30553000000,3.77300000,25.20000000
K2-100 b,Transit,1.67390350000,3.88000000,21.80000000
K2-105 b,Transit,8.26726000000,3.40000000,15.40000000
K2-110 b,Transit,13.86375000000,2.59200000,15.90000000
K2-111 b,Transit,5.35180000000,1.82000000,5.58000000
K2-114 b,Transit,11.39093100000,10.59248676,638.83509807
K2-115 b,Transit,20.27299140000,11.80305668,321.00669107
K2-12 b,Transit,8.28246000000,2.44000000,5.20000000
K2-121 b,Transit,5.18573800000,7.16000000,51.00000000
K2-131 b,Transit,0.36930380000,1.69000000,7.90000000
K2-132 b,Transit,9.17510000000,14.57170000,155.73670000
K2-136 b,Transit,7.97520000000,1.01400000,4.30000000
K2-136 c,Transit,17.30713000000,3.00000000,18.10000000
K2-136 d,Transit,25.57500000000,1.56500000,3.00000000
K2-138 b,Transit,2.35309000000,1.51000000,3.10000000
K2-138 c,Transit,3.56004000000,2.29900000,6.31000000
K2-138 d,Transit,5.40479000000,2.39000000,7.92000000
K2-138 e,Transit,8.26146000000,3.39000000,12.97000000
K2-138 f,Transit,12.75758000000,2.90400000,1.63000000
K2-138 g,Transit,41.96797000000,3.01300000,4.32000000
K2-140 b,Transit,6.56918800000,13.56286665,295.58041851
K2-141 b,Transit,0.28032440000,1.51000000,4.97000000
K2-141 c,Transit,7.74850000000,7.00000000,8.00000000
K2-146 b,Transit,2.64460000000,2.05000000,5.77000000
K2-146 c,Transit,4.00498000000,2.19000000,7.49000000
K2-157 b,Transit,0.36525750000,0.93500000,1.14000000
K2-18 b,Transit,32.93962300000,2.37000000,8.92000000
K2-180 b,Transit,8.86566300000,2.46597575,11.41003981
K2-182 b,Transit,4.73696960000,2.71257333,20.97667486
K2-19 b,Transit,7.92220000000,7.00000000,32.40000000
K2-19 c,Transit,11.89930000000,4.10000000,10.80000000
K2-19 d,Transit,2.50810000000,1.11000000,10.00000000
K2-199 b,Transit,3.22539930000,1.73000000,6.90000000
K2-199 c,Transit,7.37448970000,2.85000000,12.40000000
K2-216 b,Transit,2.17480000000,1.75000000,8.00000000
K2-222 b,Transit,15.38857000000,2.35000000,8.70000000
K2-232 b,Transit,11.16845400000,11.20900000,126.49634000
K2-233 b,Transit,2.46758300000,1.31500000,2.40000000
K2-233 c,Transit,7.06024000000,1.27200000,4.60000000
K2-233 d,Transit,24.36810000000,2.36300000,10.30000000
K2-237 b,Transit,2.18053332000,16.06246934,434.15360396
K2-238 b,Transit,3.20466000000,14.57170000,273.33380000
K2-24 b,Transit,20.88977000000,5.40000000,19.00000000
K2-24 c,Transit,42.33910000000,7.50000000,15.40000000
K2-25 b,Transit,3.48456408000,3.44000000,24.50000000
K2-260 b,Transit,2.62669762000,18.41635529,546.66486004
K2-261 b,Transit,11.63346810000,9.26982704,68.96876432
K2-263 b,Transit,50.81894700000,2.41000000,14.90000000
K2-265 b,Transit,2.36902000000,1.70824866,7.34183620
K2-266 b,Transit,0.65852400000,3.30000000,11.26782377
K2-266 c,Transit,7.81400000000,0.70500000,0.29013072
K2-266 d,Transit,14.69700000000,2.93000000,8.90000000
K2-266 e,Transit,19.48200000000,2.73000000,14.30000000
K2-27 b,Transit,6.77134700000,4.74000000,30.20000000
K2-280 b,Transit,19.89526000000,7.50000000,37.10000000
K2-285 b,Transit,3.47174500000,2.59000000,9.68000000
K2-285 c,Transit,7.13804800000,3.53000000,15.68000000
K2-285 d,Transit,10.45582000000,2.48000000,6.50000000
K2-285 e,Transit,14.76289000000,1.95000000,10.70000000
K2-287 b,Transit,14.89329100000,9.49402300,100.11645000
K2-29 b,Transit,3.25883210000,13.33871000,232.01590000
K2-290 b,Transit,9.21165000000,3.06000000,10.90000000
K2-290 c,Transit,48.36685000000,11.27625400,246.00042000
K2-291 b,Transit,2.22517700000,1.58900000,6.49000000
K2-292 b,Transit,16.98410000000,2.63000000,24.50000000
K2-295 b,Transit,4.02486700000,10.05447300,106.47305000
K2-3 b,Transit,10.05465350000,2.07800000,5.11000000
K2-3 c,Transit,24.64672900000,1.58200000,2.68000000
K2-3 d,Transit,44.55603000000,1.45800000,2.20000000
K2-30 b,Transit,4.09850300000,11.64615100,184.02357000
K2-31 b,Transit,1.25785000000,11.88154000,563.83042000
K2-32 b,Transit,8.99200000000,5.29900000,15.00000000
K2-32 c,Transit,20.66093000000,3.13400000,8.10000000
K2-32 d,Transit,31.71701000000,3.48400000,6.70000000
K2-32 e,Transit,4.34934000000,1.21200000,2.10000000
K2-329 b,Transit,12.45512250000,8.67576600,82.63580000
K2-33 b,Transit,5.42486500000,5.04000000,1175.97100000
K2-36 b,Transit,1.42261400000,1.43000000,4.30000000
K2-36 c,Transit,5.34088800000,3.20000000,7.90000000
K2-37 d,Transit,14.09229000000,2.31000000,12.50000000
K2-38 b,Transit,4.01593000000,1.54000000,7.30000000
K2-38 c,Transit,10.56103000000,2.29000000,8.30000000
K2-39 b,Transit,4.60543000000,6.27704000,28.60470000
K2-415 b,Transit,4.01796940000,1.01500000,7.50000000
K2-416 b,Transit,13.10200000000,2.66000000,1652.70771640
K2-417 b,Transit,6.53500000000,3.31000000,699.22249540
K2-419 A b,Transit,20.35847252000,10.55000000,196.00000000
K2-55 b,Transit,2.84927100000,4.43000000,44.00000000
K2-60 b,Transit,3.00265000000,7.65574700,135.39558000
K2-66 b,Transit,5.06963000000,2.49000000,21.30000000
K2-73 b,Transit,7.49556000000,2.58000000,9.20000000
K2-79 b,Transit,10.99470000000,4.09000000,9.20000000
K2-85 b,Transit,0.68453862616,1.40000000,3.20000000
K2-97 b,Transit,8.40711500000,13.45077684,174.48779544
K2-98 b,Transit,10.13673490000,5.06645928,34.00763955
K2-99 b,Transit,18.24783000000,11.88151954,276.51071409
KELT-1 b,Transit,1.21751400000,12.44200000,8654.15000000
KELT-10 b,Transit,4.16627390000,15.68139100,215.80657000
KELT-11 b,Transit,4.73620865000,15.13212395,65.15482343
KELT-12 b,Transit,5.03162300000,19.95202000,301.93850000
KELT-14 b,Transit,1.71005660000,19.53728700,408.09372000
KELT-15 b,Transit,3.32944000000,19.50366000,416.35730000
KELT-16 b,Transit,0.96899510000,15.86073500,874.03250000
KELT-17 b,Transit,3.08017160000,17.09372500,416.35730000
KELT-18 b,Transit,2.87175180000,17.59813000,375.03940000
KELT-19 A b,Transit,4.61170930000,21.40919000,1293.56810000
KELT-2 A b,Transit,4.11379000000,15.13215000,540.31100000
KELT-20 b,Transit,3.47410850000,19.51486900,1074.90106000
KELT-21 b,Transit,3.61276470000,17.77747400,1242.71530000
KELT-23 A b,Transit,2.25525100000,14.82950700,298.12454000
KELT-24 b,Transit,5.55149296000,12.71098411,1458.83238813
KELT-3 b,Transit,2.70339000000,17.48604000,616.59020000
KELT-4 A b,Transit,2.98959320000,19.04409100,286.68266000
KELT-6 b,Transit,7.84570000000,14.57170000,165.27160000
KELT-7 b,Transit,2.73477000000,17.93440000,441.78370000
KELT-8 b,Transit,3.24406000000,18.15858000,209.76780000
KELT-9 b,Transit,1.48112350000,21.19621900,915.35040000
KOI-12 b,Transit,17.85518200000,13.78707000,349.61300000
KOI-1257 b,Transit,86.64766100000,10.54000000,460.83000000
KOI-13 b,Transit,1.76358800000,16.94800800,2949.46240000
KOI-134 b,Transit,67.12770000000,12.03844527,346.43296363
KOI-142 b,Transit,10.91647000000,3.43800000,9.50000000
KOI-1599.01,Transit,20.44150000000,1.90000000,4.60000000
KOI-1599.02,Transit,13.60880000000,1.90000000,9.00000000
KOI-1783.01,Transit,134.46280000000,8.86000000,71.00000000
KOI-1783.02,Transit,284.21500000000,5.44000000,15.00000000
KOI-1831 d,Transit,34.16900000000,1.13000000,2.23000000
KOI-1833 d,Transit,7.68500000000,2.58000000,11.02000000
KOI-1843.03,Transit,0.17689130000,0.61000000,8.00000000
KOI-2513.01,Transit,19.00547000000,2.80224517,7310.05336100
KOI-3503 b,Transit,21.18500000000,1.19000000,9.20000000
KOI-3503 c,Transit,31.82800000000,1.21000000,10.36000000
KOI-3680 b,Transit,141.24167100000,11.09691000,613.41190000
KOI-4777.01,Transit,0.41200000000,0.51000000,99.20000000
KOI-55 b,Orbital Brightness Modulation,0.24010400000,0.75900000,0.44000000
KOI-55 c,Orbital Brightness Modulation,0.34288700000,0.86700000,0.65500000
KOI-94 b,Transit,3.74320800000,1.71000000,10.50000000
KOI-94 c,Transit,10.42364800000,4.32000000,15.60000000
KOI-94 d,Transit,22.34298900000,11.27000000,106.00000000
KOI-94 e,Transit,54.32031000000,6.56000000,35.00000000
KPS-1 b,Transit,1.70629100000,11.54527000,346.43470000
Kepler-10 b,Transit,0.83749070000,1.47000000,3.24000000
Kepler-10 c,Transit,45.29430100000,2.35500000,11.29000000
Kepler-100 b,Transit,6.88734000000,1.34000000,4.01000000
Kepler-100 c,Transit,12.81590000000,2.20000000,7.05000000
Kepler-100 d,Transit,35.33310000000,1.61000000,3.00000000
Kepler-101 b,Transit,3.48768120000,5.77000000,51.10000000
Kepler-101 c,Transit,6.02976000000,1.25000000,3.78000000
Kepler-102 b,Transit,5.28696500000,0.46000000,1.10000000
Kepler-102 c,Transit,7.07139200000,0.56700000,1.70000000
Kepler-102 d,Transit,10.31176700000,1.15400000,3.00000000
Kepler-102 e,Transit,16.14569940000,2.17000000,4.70000000
Kepler-102 f,Transit,27.45359200000,0.86100000,4.30000000
Kepler-103 b,Transit,15.96532870000,3.48570000,11.67000000
Kepler-103 c,Transit,179.60978000000,5.45390000,58.47000000
Kepler-105 b,Transit,5.41220340000,2.53000000,10.80000000
Kepler-105 c,Transit,7.12592000000,1.44000000,5.60000000
Kepler-106 b,Transit,6.16486000000,0.82000000,5.30000000
Kepler-106 c,Transit,13.57080000000,2.50000000,10.44000000
Kepler-106 d,Transit,23.98020000000,0.95000000,8.10000000
Kepler-106 e,Transit,43.84450000000,2.56000000,11.17000000
Kepler-107 b,Transit,3.18002180000,1.53600000,3.80000000
Kepler-107 c,Transit,4.90145200000,1.59700000,10.00000000
Kepler-107 d,Transit,7.95839000000,0.86000000,7.70000000
Kepler-107 e,Transit,14.74914300000,2.90300000,14.10000000
Kepler-109 b,Transit,6.48163070000,2.49000000,4.90000000
Kepler-109 c,Transit,21.22265000000,2.65000000,8.20000000
Kepler-11 b,Transit,10.30390000000,1.80000000,1.90000000
Kepler-11 c,Transit,13.02410000000,2.87000000,2.90000000
Kepler-11 d,Transit,22.68450000000,3.12000000,7.30000000
Kepler-11 e,Transit,31.99960000000,4.19000000,8.00000000
Kepler-11 f,Transit,46.68880000000,2.49000000,2.00000000
Kepler-11 g,Transit,118.38070000000,3.33000000,25.00000000
Kepler-111 c,Transit,224.77833000000,7.08407580,222.47988490
Kepler-113 b,Transit,4.75400000000,1.82000000,11.70000000
Kepler-113 c,Transit,8.92507000000,2.18000000,8.70000000
Kepler-114 c,Transit,8.04100000000,1.60000000,2.80000000
Kepler-114 d,Transit,11.77600000000,2.53000000,3.90000000
Kepler-117 b,Transit,18.79592280000,8.05900000,29.87500000
Kepler-117 c,Transit,50.79039100000,12.34100000,584.78000000
Kepler-12 b,Transit,4.43796290000,19.66058600,137.30256000
Kepler-122 f,Transit Timing Variations,56.26800000000,1.75000000,36.00000000
Kepler-128 b,Transit,15.00000000000,1.42100000,3.79000000
Kepler-128 c,Transit,22.80000000000,1.52100000,3.38000000
Kepler-129 b,Transit,15.79000000000,2.40000000,20.00000000
Kepler-129 c,Transit,82.20000000000,2.52000000,43.00000000
Kepler-131 b,Transit,16.09200000000,2.41000000,16.13000000
Kepler-131 c,Transit,25.51690000000,0.84000000,8.25000000
Kepler-138 b,Transit,10.31340000000,0.64000000,0.07000000
Kepler-138 c,Transit,13.78150000000,1.51000000,2.30000000
Kepler-138 d,Transit,23.09230000000,1.51000000,2.10000000
Kepler-139 d,Transit,7.30569992200,1.69500000,4.65807623
Kepler-14 b,Transit,6.79012300000,12.73300000,2669.66000000
Kepler-145 b,Transit,22.95100000000,2.65000000,37.10000000
Kepler-145 c,Transit,42.88200000000,4.32000000,79.40000000
Kepler-15 b,Transit,4.94278200000,10.76000000,209.76000000
Kepler-1513 b,Transit,160.88420000000,8.59400000,48.30991786
Kepler-1514 b,Transit,217.83184000000,12.41957200,1678.14240000
Kepler-16 b,Transit,228.77600000000,8.44930000,105.83300000
Kepler-1647 b,Transit,1107.59230000000,11.87390000,483.00000000
Kepler-1654 b,Transit,1047.83560000000,9.18017100,158.91500000
Kepler-1655 b,Transit,11.87287870000,2.21300000,5.40000000
Kepler-1661 b,Transit,175.06000000000,3.87000000,17.00000000
Kepler-167 e,Transit,1071.23205000000,10.16000000,321.00669107
Kepler-17 b,Transit,1.48571080000,14.68000000,778.65000000
Kepler-1704 b,Transit,988.88112000000,11.94877343,1322.16617312
Kepler-1705 b,Transit,9.03502000000,2.03000000,4.47000000
Kepler-1705 c,Transit,11.28000000000,2.05000000,5.42000000
Kepler-1708 b,Transit,737.11310000000,9.96000000,1462.01067220
Kepler-177 b,Transit,36.86010000000,3.50000000,5.84000000
Kepler-177 c,Transit,49.40926000000,8.73000000,14.70000000
Kepler-18 b,Transit,3.50472500000,2.00000000,6.90000000
Kepler-18 c,Transit,7.64159000000,5.49000000,17.30000000
Kepler-18 d,Transit,14.85888000000,6.98000000,16.40000000
Kepler-1876 b,Transit,6.99205000000,0.85300000,2.40000000
Kepler-19 b,Transit,9.28699000000,2.20900000,6.10000000
Kepler-1972 b,Transit,7.54425000000,0.80200000,2.02000000
Kepler-1972 c,Transit,11.32950000000,0.86800000,2.11000000
Kepler-20 b,Transit,3.69610490000,1.77300000,9.70000000
Kepler-20 c,Transit,10.85407740000,2.89400000,11.10000000
Kepler-20 d,Transit,77.61145500000,2.60600000,13.40000000
Kepler-20 e,Transit,6.09848820000,0.82100000,0.76000000
Kepler-20 f,Transit,19.57832800000,0.95200000,1.40000000
Kepler-21 b,Transit,2.78582120000,1.63900000,7.50000000
Kepler-22 b,Transit,289.86387600000,2.10000000,9.10000000
Kepler-223 b,Transit,7.38449000000,2.99000000,7.40000000
Kepler-223 c,Transit,9.84564000000,3.44000000,5.10000000
Kepler-223 d,Transit,14.78869000000,5.24000000,8.00000000
Kepler-223 e,Transit,19.72567000000,4.60000000,4.80000000
Kepler-23 b,Transit,7.10000000000,1.63800000,2.56000000
Kepler-23 c,Transit,10.74000000000,3.00500000,7.81000000
Kepler-23 d,Transit,15.27000000000,2.20600000,4.44000000
Kepler-238 e,Transit,23.65400000000,5.60000000,169.70000000
Kepler-238 f,Transit,50.44700000000,2.00000000,13.50000000
Kepler-24 b,Transit,8.14000000000,2.34800000,11.14000000
Kepler-24 c,Transit,12.33000000000,2.51400000,9.99000000
Kepler-25 b,Transit,6.23829700000,2.74800000,8.70000000
Kepler-25 c,Transit,12.72070000000,5.21700000,15.20000000
Kepler-26 b,Transit,12.28000000000,2.78000000,5.12000000
Kepler-26 c,Transit,17.25590000000,2.72000000,6.20000000
Kepler-27 b,Transit,15.33480000000,4.00000000,2895.31000000
Kepler-27 c,Transit,31.33090000000,4.90000000,4385.87000000
Kepler-276 c,Transit,31.88400000000,2.90000000,16.60000000
Kepler-276 d,Transit,48.64800000000,2.80000000,16.30000000
Kepler-277 b,Transit,17.32400000000,2.92000000,87.30000000
Kepler-277 c,Transit,33.00600000000,3.36000000,64.20000000
Kepler-278 b,Transit,30.15560000000,3.95500000,56.00000000
Kepler-278 c,Transit,51.11100000000,3.26800000,34.90000000
Kepler-279 c,Transit,35.73600000000,4.30000000,49.40000000
Kepler-279 d,Transit,54.41400000000,3.10000000,37.50000000
Kepler-28 b,Transit,5.91000000000,1.95900000,1.63000000
Kepler-28 c,Transit,8.99000000000,1.85700000,2.06000000
Kepler-282 d,Transit,24.80600000000,2.46000000,61.00000000
Kepler-282 e,Transit,44.34700000000,3.10000000,56.20000000
Kepler-289 b,Transit,34.53830000000,2.49000000,3.70000000
Kepler-289 c,Transit,125.87230000000,11.23000000,157.18000000
Kepler-289 d,Transit,66.02820000000,3.03000000,5.33000000
Kepler-29 b,Transit,10.33974000000,2.55000000,5.00000000
Kepler-29 c,Transit,13.28613000000,2.34000000,4.50000000
Kepler-30 b,Transit,29.33434000000,3.90000000,11.30000000
Kepler-30 c,Transit,60.32310500000,12.30000000,640.00000000
Kepler-30 d,Transit,143.34394000000,8.80000000,23.10000000
Kepler-305 b,Transit,5.48700000000,3.60000000,10.50000000
Kepler-305 c,Transit,8.29100000000,3.30000000,6.00000000
Kepler-305 d,Transit,16.74000000000,2.76000000,6.20000000
Kepler-307 b,Transit,10.42080000000,2.43000000,7.44000000
Kepler-307 c,Transit,13.07290000000,2.20000000,3.64000000
Kepler-31 c,Transit,42.63180000000,5.30000000,1493.70000000
Kepler-31 d,Transit,87.64510000000,3.90000000,2161.24400000
Kepler-32 b,Transit,5.90124000000,2.20000000,1303.00000000
Kepler-32 c,Transit,8.75220000000,2.00000000,158.90000000
Kepler-323 b,Transit,1.67832800000,1.38100000,3.90000000
Kepler-323 c,Transit,3.55382290000,1.57000000,6.80000000
Kepler-328 b,Transit,34.92100000000,2.30000000,28.50000000
Kepler-328 c,Transit,71.31200000000,5.40000000,39.40000000
Kepler-338 e,Transit Timing Variations,9.34100000000,1.56000000,8.50000000
Kepler-34 b,Transit,288.82200000000,8.56400000,69.92000000
Kepler-35 b,Transit,131.45800000000,8.16000000,40.36300000
Kepler-350 c,Transit,17.84900000000,3.10000000,6.10000000
Kepler-350 d,Transit,26.13600000000,2.80000000,14.90000000
Kepler-36 b,Transit,13.86825000000,1.49800000,3.83000000
Kepler-36 c,Transit,16.21865000000,3.67900000,7.13000000
Kepler-37 b,Transit,13.36702000000,0.30980000,0.79000000
Kepler-37 c,Transit,21.30184800000,0.75500000,1.30000000
Kepler-37 d,Transit,39.79226220000,2.03000000,2.00000000
Kepler-38 b,Transit,105.59900000000,4.30000000,122.00000000
Kepler-39 b,Transit,21.08721000000,13.90000000,6388.10000000
Kepler-391 b,Transit,7.41750000000,2.50000000,1100.00000000
Kepler-391 c,Transit,20.50100000000,2.88000000,450.00000000
Kepler-396 b,Transit,42.99400000000,3.50000000,75.50000000
Kepler-396 c,Transit,88.50500000000,5.30000000,17.90000000
Kepler-4 b,Transit,3.21346000000,4.00200000,24.47200000
Kepler-40 b,Transit,6.87349000000,13.11000000,699.20000000
Kepler-406 b,Transit,2.42629000000,1.43000000,6.35000000
Kepler-406 c,Transit,4.62332000000,0.85000000,2.71000000
Kepler-407 b,Transit,0.66931240000,1.19000000,1.93000000
Kepler-408 b,Transit,2.46502000000,0.82000000,5.00000000
Kepler-409 b,Transit,68.95832160000,1.19900000,6.00000000
Kepler-41 b,Transit,1.85555820000,14.46000000,177.98000000
Kepler-411 b,Transit,3.00515600000,2.40100000,25.60000000
Kepler-411 c,Transit,7.83443500000,4.42100000,26.40000000
Kepler-411 d,Transit,58.02035000000,3.31900000,15.20000000
Kepler-412 b,Transit,1.72086040000,15.03126900,299.07803000
Kepler-413 b,Transit,66.26200000000,4.34700000,67.00000000
Kepler-414 b,Transit Timing Variations,4.70000000000,1.71000000,3.50000000
Kepler-414 c,Transit Timing Variations,7.17100000000,3.01000000,29.90000000
Kepler-415 b,Transit Timing Variations,4.17600000000,1.21000000,119.90000000
Kepler-416 b,Transit Timing Variations,6.31900000000,2.48000000,58.20000000
Kepler-417 b,Transit Timing Variations,12.33100000000,2.31000000,11.00000000
Kepler-418 b,Transit,86.67856000000,13.45000000,349.61124770
Kepler-419 b,Transit,69.75460000000,10.80000000,794.50000000
Kepler-422 b,Transit,7.89144830000,12.89000000,136.66000000
Kepler-423 b,Transit,2.68432850000,13.36100000,189.10100000
Kepler-424 b,Transit,3.31186440000,9.98000000,327.35000000
Kepler-425 b,Transit,3.79701816000,10.96200000,79.45000000
Kepler-426 b,Transit,3.21751883000,12.22000000,108.06000000
Kepler-427 b,Transit,10.29099400000,13.79000000,92.17000000
Kepler-428 b,Transit,3.52563254000,12.11000000,403.63000000
Kepler-43 b,Transit,3.02409490000,13.66377100,1026.59090000
Kepler-432 b,Transit,52.50112900000,12.83430500,1719.46030000
Kepler-433 b,Transit,5.33408384000,16.25000000,896.24000000
Kepler-434 b,Transit,12.87470990000,12.67000000,908.96000000
Kepler-435 b,Transit,8.60015360000,22.31000000,266.97000000
Kepler-44 b,Transit,3.24672930000,12.22000000,317.82000000
Kepler-447 b,Transit,7.79430132000,18.49000000,435.41000000
Kepler-45 b,Transit,2.45523900000,10.76000000,160.49700000
Kepler-453 b,Transit,240.50300000000,6.20400000,16.00000000
Kepler-454 b,Transit,10.57375340000,2.37000000,5.40000000
Kepler-46 b,Transit,33.60134000000,9.05700000,1907.00000000
Kepler-462 b,Transit,84.68660000000,3.00000000,53.90000000
Kepler-462 c,Transit,207.62000000000,4.00000000,6.00000000
Kepler-47 b,Transit,49.46430000000,3.05000000,2.07000000
Kepler-47 c,Transit,303.22700000000,4.65000000,3.17000000
Kepler-47 d,Transit,187.36600000000,7.04000000,19.02000000
Kepler-48 b,Transit,4.77800000000,1.88000000,3.94000000
Kepler-48 c,Transit,9.67395000000,2.71000000,14.61000000
Kepler-48 d,Transit,42.89610000000,2.04000000,7.93000000
Kepler-49 b,Transit,7.20000000000,2.57900000,9.77000000
Kepler-49 c,Transit,10.91000000000,2.44400000,8.38000000
Kepler-5 b,Transit,3.54846570000,15.98403400,670.93913000
Kepler-51 b,Transit,45.15400000000,7.10000000,2.10000000
Kepler-51 c,Transit,85.31200000000,9.00000000,4.00000000
Kepler-51 d,Transit,130.19400000000,9.70000000,7.60000000
Kepler-52 b,Transit,7.87735650000,2.10000000,135.00000000
Kepler-52 c,Transit,16.38500210000,1.84000000,45.40000000
Kepler-53 b,Transit,18.64895250000,2.89000000,111.00000000
Kepler-53 c,Transit,38.55830380000,3.17000000,36.00000000
Kepler-538 b,Transit,81.73778000000,2.21500000,12.90000000
Kepler-539 b,Transit,125.63243000000,8.37312300,308.29510000
Kepler-553 b,Transit,4.03046700000,4.74139884,116.00736855
Kepler-553 c,Transit,328.24017000000,11.57887706,2129.45032690
Kepler-56 b,Transit,10.50160000000,6.51000000,22.10000000
Kepler-56 c,Transit,21.40239000000,9.80000000,181.00000000
Kepler-57 b,Transit,5.72000000000,3.13500000,25.06000000
Kepler-57 c,Transit,11.60000000000,2.19600000,6.86000000
Kepler-58 b,Transit,10.21849540000,2.78000000,35.50000000
Kepler-58 c,Transit,15.57415680000,2.86000000,53.00000000
Kepler-595 b,Transit,25.30290920000,3.70800000,17.40000000
Kepler-595 c,Transit,12.38602000000,1.00900000,3.30000000
Kepler-6 b,Transit,3.23469960000,14.61653600,212.31044000
Kepler-60 b,Transit,7.13340000000,1.71000000,4.19000000
Kepler-60 c,Transit,8.91870000000,1.90000000,3.85000000
Kepler-60 d,Transit,11.89810000000,1.99000000,4.16000000
Kepler-62 b,Transit,5.71493200000,1.31000000,9.00000000
Kepler-62 c,Transit,12.44170000000,0.54000000,4.00000000
Kepler-62 d,Transit,18.16406000000,1.95000000,14.00000000
Kepler-62 e,Transit,122.38740000000,1.61000000,36.00000000
Kepler-62 f,Transit,267.29100000000,1.41000000,35.00000000
Kepler-63 b,Transit,9.43415050000,6.11000000,120.00000000
Kepler-68 b,Transit,5.39875259000,2.35700000,8.03000000
Kepler-68 c,Transit,9.60502700000,0.97900000,1.30000000
Kepler-7 b,Transit,4.88548920000,18.18099800,140.16303000
Kepler-74 b,Transit,7.34071100000,10.76000000,200.22000000
Kepler-75 b,Transit,8.88491160000,11.77000000,3209.90000000
Kepler-76 b,Orbital Brightness Modulation,1.54492980000,15.24424000,638.83830000
Kepler-77 b,Transit,3.57878087000,10.76100000,136.66100000
Kepler-78 b,Transit,0.35500745000,1.20100000,1.68000000
Kepler-79 b,Transit,13.48450000000,3.47000000,10.90000000
Kepler-79 c,Transit,27.40290000000,3.72000000,5.90000000
Kepler-79 d,Transit,52.09020000000,7.16000000,6.00000000
Kepler-79 e,Transit,81.06590000000,3.49000000,4.10000000
Kepler-8 b,Transit,3.52249910000,15.87194400,187.51970000
Kepler-80 b,Transit,7.05246000000,2.67000000,6.93000000
Kepler-80 c,Transit,9.52355000000,2.74000000,6.74000000
Kepler-80 d,Transit,3.07222000000,1.53000000,6.75000000
Kepler-80 e,Transit,4.64489000000,1.60000000,4.13000000
Kepler-82 b,Transit,26.44000000000,4.07000000,12.15000000
Kepler-82 c,Transit,51.54000000000,5.34000000,13.90000000
Kepler-849 b,Transit,394.62508000000,8.08167508,298.75870258
Kepler-85 b,Transit,8.30000000000,1.77800000,1.84000000
Kepler-85 c,Transit,12.51000000000,1.97800000,2.15000000
Kepler-87 b,Transit,114.73635000000,13.49000000,324.20000000
Kepler-87 c,Transit,191.23180000000,6.14000000,6.40000000
Kepler-9 b,Transit,19.23891000000,8.29000000,43.40000000
Kepler-9 c,Transit,38.98530000000,8.08000000,29.90000000
Kepler-91 b,Transit,6.24658000000,15.32270300,257.44230000
Kepler-92 b,Transit,13.74900000000,3.51000000,64.30000000
Kepler-92 c,Transit,26.72300000000,2.60000000,6.10000000
Kepler-93 b,Transit,4.72673978000,1.47800000,4.66000000
Kepler-94 b,Transit,2.50806000000,3.51000000,10.84000000
Kepler-95 b,Transit,11.52310000000,3.42000000,13.00000000
Kepler-96 b,Transit,16.23850000000,2.67000000,8.46000000
Kepler-97 b,Transit,2.58664000000,1.48000000,3.51000000
Kepler-98 b,Transit,1.54168000000,1.99000000,3.55000000
Kepler-99 b,Transit,4.60358000000,1.48000000,6.15000000
L 168-9 b,Transit,1.40152604000,1.63000000,4.07000000
L 98-59 b,Transit,2.25311400000,0.83700000,0.46000000
L 98-59 c,Transit,3.69067640000,1.32900000,2.00000000
L 98-59 d,Transit,7.45072900000,1.62700000,1.64000000
LHS 1140 b,Transit,24.73723000000,1.73000000,5.60000000
LHS 1140 c,Transit,3.77794000000,1.27200000,1.91000000
LHS 1478 b,Transit,1.94953780000,1.24200000,2.33000000
LHS 1815 b,Transit,3.81433400000,1.08800000,1.58000000
LHS 1903 b,Transit,2.15550980000,1.38200000,3.28000000
LHS 1903 c,Transit,6.22618500000,2.04600000,4.55000000
LHS 1903 d,Transit,12.56628700000,2.50000000,5.96000000
LHS 1903 e,Transit,29.31773000000,1.73200000,5.79000000
LP 714-47 b,Transit,4.05203700000,4.70000000,30.80000000
LP 791-18 c,Transit,4.98991000000,2.48800000,7.16000000
LP 791-18 d,Transit,2.75485000000,1.03200000,0.91000000
LP 890-9 b,Transit,2.72990250000,1.32000000,13.20000000
LP 890-9 c,Transit,8.45746300000,1.36700000,25.30000000
LTT 1445 A b,Transit,5.35876350000,1.34000000,2.73000000
LTT 1445 A c,Transit,3.12390350000,1.14700000,1.54000000
LTT 3780 b,Transit,0.76837931000,1.32500000,2.46000000
LTT 3780 c,Transit,12.25228400000,2.39000000,8.04000000
LTT 9779 b,Transit,0.79205200000,4.72000000,29.32000000
Lupus-TR-3 b,Transit,3.91405000000,9.97600000,257.43100000
MASCARA-4 b,Transit,2.82409320000,16.98160576,532.36258173
NGTS-1 b,Transit,2.64729800000,14.90797000,258.07796000
NGTS-10 b,Transit,0.76689440000,13.50684500,687.14846000
NGTS-11 b,Transit,35.45533000000,9.15775300,109.33352000
NGTS-12 b,Transit,7.53280600000,11.74703200,66.10864000
NGTS-13 b,Transit,4.11902700000,12.80067800,1538.29720000
NGTS-14 A b,Transit,3.53571730000,4.97679600,29.24036000
NGTS-15 b,Transit,3.27623000000,12.32987877,238.68913366
NGTS-16 b,Transit,4.84532000000,14.57167491,211.99154747
NGTS-17 b,Transit,3.24253000000,13.89913607,242.82090295
NGTS-18 b,Transit,3.05125000000,13.56286665,129.99181846
NGTS-2 b,Transit,4.51116400000,17.87835500,235.19420000
NGTS-20 b,Transit,54.18915000000,11.99360935,947.12865286
NGTS-21 b,Transit,1.54338970000,14.90794433,750.07504052
NGTS-23 b,Transit,4.07643260000,14.20177855,194.82881349
NGTS-24 b,Transit,3.46787960000,13.60770257,165.27077164
NGTS-25 b,Transit,2.82309300000,11.46678726,203.09235207
NGTS-26 b,Transit,4.51992790000,14.88552637,92.80589484
NGTS-27 b,Transit,3.37041810000,15.64773706,188.47224535
NGTS-3 A b,Transit,1.67537280000,16.58932000,756.43540000
NGTS-30 b,Transit,98.29838000000,10.40193409,305.11527072
NGTS-31 b,Transit,4.16273400000,18.04645893,355.96781584
NGTS-32 b,Transit,3.31211000000,15.91675259,181.16219199
NGTS-33 b,Transit,2.82797200000,18.38272835,1153.71711741
NGTS-34 b,Transit,43.12655000000,3.65000000,19.10000000
NGTS-35 b,Transit,25.24119200000,10.90000000,152.00000000
NGTS-4 b,Transit,1.33735080000,3.18000000,20.60000000
NGTS-5 b,Transit,3.35698660000,12.73342400,72.78307000
NGTS-6 b,Transit,0.88205900000,14.86313400,425.57437000
NGTS-8 b,Transit,2.49970000000,12.21781000,295.58190000
NGTS-9 b,Transit,4.43527000000,11.99363000,921.70700000
OGLE-TR-10 b,Transit,3.10127800000,14.01100000,197.04600000
OGLE-TR-113 b,Transit,1.43247520000,12.25100000,400.44900000
OGLE-TR-132 b,Transit,1.68986800000,13.45000000,375.02000000
OGLE-TR-182 b,Transit,3.97910000000,12.66600000,320.99500000
OGLE-TR-211 b,Transit,3.67724000000,15.24400000,327.35100000
OGLE-TR-56 b,Transit,1.21191890000,15.27800000,441.77000000
OGLE2-TR-L9 b,Transit,2.48553350000,18.04600000,1430.17500000
PH1 b,Transit,138.31700000000,6.18000000,169.00000000
PH2 b,Transit,282.52542000000,9.33708092,87.08498352
POTS-1 b,Transit,3.16062960000,10.54800000,734.16000000
Qatar-1 b,Transit,1.42002420000,12.81188700,411.27202000
Qatar-10 b,Transit,1.64532100000,17.29548700,233.92288000
Qatar-2 b,Transit,1.33711647000,14.05600000,792.63500000
Qatar-3 b,Transit,2.50792040000,12.28506400,1369.84730000
Qatar-4 b,Transit,1.80535640000,12.72221500,1938.76300000
Qatar-5 b,Transit,2.87923190000,12.40836300,1373.02560000
Qatar-6 b,Transit,3.50619500000,11.90395800,212.31044000
Qatar-7 b,Transit,2.03204600000,19.05530000,597.52040000
Qatar-8 b,Transit,3.71495000000,14.40356500,117.91493000
Qatar-9 b,Transit,1.54073100000,11.30988100,378.21770000
Ross 176 b,Transit,5.00663380000,1.84000000,4.57000000
SWEEPS-11 b,Transit,1.79600000000,12.66600000,3082.82000000
SWEEPS-4 b,Transit,4.20000000000,9.07900000,1207.70000000
TIC 139270665 b,Transit,23.62400000000,7.22979255,147.15455244
TIC 172900988 b,Transit,200.45200000000,11.25000000,942.00000000
TIC 237913194 b,Transit,15.16886500000,12.52045300,617.22586000
TIC 241249530 b,Transit,165.77190000000,13.29385111,1582.78546686
TIC 257060897 b,Transit,3.66003639000,17.26183028,201.50321004
TIC 279401253 b,Transit,76.80000000000,11.20898070,1951.46641898
TIC 365102760 b,Transit,4.21285367000,6.21000000,19.20000000
TIC 393818343 b,Transit,16.24921000000,12.18416202,1379.37528638
TIC 46432937 b,Transit,1.44044527000,13.31626907,1017.05090240
TIC 4672985 b,Transit,69.04800000000,11.50041420,4049.13390518
TOI-1011 b,Transit,2.47049800000,1.45000000,4.04000000
TOI-1052 b,Transit,9.13970300000,2.87000000,16.90000000
TOI-1062 b,Transit,4.11296000000,2.26500000,10.15000000
TOI-1064 b,Transit,6.44386800000,2.58700000,13.50000000
TOI-1064 c,Transit,12.22657400000,2.65100000,2.50000000
TOI-1075 b,Transit,0.60473280000,1.79100000,9.95000000
TOI-1107 b,Transit,4.07823870000,14.57167491,1064.72516345
TOI-1117 b,Transit,2.22816000000,2.46000000,8.90000000
TOI-1130 b,Transit,4.07455400000,3.66000000,19.80000000
TOI-1130 c,Transit,8.35018980000,13.00000000,336.00000000
TOI-1173 b,Transit,7.06466000000,9.19000000,27.40000000
TOI-1181 b,Transit,2.10318900000,17.02644168,374.71969185
TOI-1194 b,Transit,2.31064460000,8.71664516,120.00000000
TOI-1199 b,Transit,3.67146300000,10.51402390,75.96098927
TOI-1201 b,Transit,2.49198630000,2.41500000,6.28000000
TOI-1203 b,Radial Velocity,4.15728880000,1.52000000,3.51000000
TOI-1203.01,Transit,25.50267200000,2.91800000,7.39000000
TOI-1221 b,Transit,91.68278000000,2.91000000,1112.39942450
TOI-1231 b,Transit,24.24558600000,3.65000000,15.40000000
TOI-1235 b,Transit,3.44471400000,1.69000000,6.69000000
TOI-1238 b,Transit,0.76459700000,1.21000000,3.76000000
TOI-1238 c,Transit,3.29473600000,2.11000000,8.32000000
TOI-1243 b,Transit,4.65947790000,2.33000000,7.70000000
TOI-1246 b,Transit,4.30744000000,3.01000000,8.10000000
TOI-1246 c,Transit,5.90413700000,2.45109846,9.10000000
TOI-1246 d,Transit,18.65487400000,3.43139739,5.40000000
TOI-1246 e,Transit,37.92548000000,3.51418750,14.50000000
TOI-1248 b,Transit,4.36015610000,6.80848590,27.40000000
TOI-1249 b,Transit,13.07915100000,3.27103010,11.90000000
TOI-125 b,Transit,4.65382000000,2.72600000,9.50000000
TOI-125 c,Transit,9.15059000000,2.75900000,6.63000000
TOI-125 d,Transit,19.98000000000,2.93000000,13.60000000
TOI-1259 A b,Transit,3.47797800000,11.45557828,140.16232749
TOI-1260 b,Transit,3.12746300000,2.41000000,8.56000000
TOI-1260 c,Transit,7.49313400000,2.76000000,13.20000000
TOI-1260 d,Transit,16.60816400000,3.12000000,11.84000000
TOI-1266 b,Transit,10.89450000000,2.52000000,4.46000000
TOI-1266 c,Transit,18.80270000000,1.98000000,3.17000000
TOI-1268 b,Transit,8.15770940000,9.10000000,96.40000000
TOI-1269 b,Transit,4.25299130000,2.40144286,6.40000000
TOI-1272 b,Transit,3.31599000000,4.13204907,27.00000000
TOI-1273 b,Transit,4.63129600000,11.09689089,70.55790635
TOI-1278 b,Transit,14.47567000000,12.21778896,5879.82552950
TOI-1279 b,Transit,9.61419000000,2.66146528,10.60000000
TOI-1288 b,Transit,2.69982790000,4.96846551,44.10000000
TOI-1294 b,Transit,3.91529200000,10.12369881,63.90000000
TOI-1295 b,Transit,3.19688380000,15.69257298,451.31633794
TOI-1296 b,Transit,3.94437360000,14.11645916,95.30000000
TOI-1298 b,Transit,4.53714300000,9.65807033,99.00000000
TOI-132 b,Transit,2.10970190000,3.42000000,22.40000000
TOI-1333 b,Transit,4.72021900000,15.64776400,753.25710000
TOI-1338 b,Transit,95.40010000000,7.66100000,11.30000000
TOI-1347 b,Transit,0.84742346000,1.80000000,11.10000000
TOI-1347 c,Transit,4.84196200000,1.60000000,6.40000000
TOI-1386 b,Transit,25.84010000000,6.21638650,45.80000000
TOI-1408 b,Transit,4.42587000000,25.00000000,593.00000000
TOI-1408 c,Transit Timing Variations,2.16640000000,2.22000000,7.60000000
TOI-1410.01,Transit,1.21687000000,3.10083009,12.50000000
TOI-1411 b,Transit,1.45205270000,1.19880592,2.00000000
TOI-1416 b,Transit,1.06975680000,1.62000000,3.48000000
TOI-1420 b,Transit,6.95610630000,11.89000000,25.10000000
TOI-1422 b,Transit,12.99894000000,3.83000000,9.50000000
TOI-1422 c,Radial Velocity,34.56330000000,2.61000000,14.00000000
TOI-1431 b,Transit,2.65023700000,16.70138124,991.62462984
TOI-1437 b,Transit,18.84094200000,2.24000000,9.60000000
TOI-1438 b,Transit,5.13967000000,3.04000000,9.40000000
TOI-1438 c,Transit,9.42808900000,2.75000000,10.60000000
TOI-1439 b,Transit,27.64400000000,4.24278610,38.50000000
TOI-1443 b,Transit,23.54067800000,2.30381001,30.00000000
TOI-1444 b,Transit,0.47027430000,1.41792246,3.58000000
TOI-1448 b,Transit,8.11224500000,2.74900000,19.50000000
TOI-1450 A b,Transit,2.04392740000,1.13000000,1.25800000
TOI-1451 b,Transit,16.53794400000,2.61143902,15.20000000
TOI-1452 b,Transit,11.06201000000,1.67200000,4.82000000
TOI-1453 b,Transit,4.31352250000,1.17300000,2.32000000
TOI-1453 c,Transit,6.58869820000,2.22400000,2.95000000
TOI-1468 b,Transit,1.88052010000,1.40100000,3.04000000
TOI-1468 c,Transit,15.53247700000,2.12600000,4.10000000
TOI-1470 b,Transit,2.52709300000,2.18000000,7.32000000
TOI-1470 c,Transit,18.08816000000,2.47000000,7.24000000
TOI-1472 b,Transit,6.36338574000,4.05800000,18.05000000
TOI-1472 c,Radial Velocity,15.53817470000,3.33400000,21.13000000
TOI-1478 b,Transit,10.18021170000,11.99360935,279.68899816
TOI-150.01,Transit,5.85748700000,14.06729500,797.75330000
TOI-1516 b,Transit,2.05601400000,15.24421375,1004.33776612
TOI-1518 b,Transit,1.90261131000,21.05046575,581.62598481
TOI-157 b,Transit,2.08454350000,14.41477400,375.03940000
TOI-1601 b,Transit,5.33175000000,14.19902343,387.00000000
TOI-163 b,Transit,4.23130600000,16.69020100,387.75260000
TOI-1634 b,Transit,0.98934550000,1.77300000,7.57000000
TOI-1648 b,Transit,7.33160200000,2.54000000,7.40000000
TOI-1669 c,Transit,2.68005350000,2.29639770,13.00000000
TOI-1670 b,Transit,10.98462000000,2.06000000,41.31769291
TOI-1670 c,Transit,40.74976000000,11.06326395,200.23189641
TOI-1685 b,Transit,0.66913923000,1.42100000,3.07000000
TOI-169 b,Transit,2.25544770000,12.17297400,251.40353000
TOI-1694 b,Transit,3.77010700000,5.34222660,31.30000000
TOI-1695 b,Transit,3.13427910000,1.90000000,6.36000000
TOI-1696 b,Transit,2.50031100000,3.09000000,48.80000000
TOI-1710 b,Transit,24.28337700000,5.20315158,22.40000000
TOI-172 b,Transit,9.47725000000,10.81668500,1722.63860000
TOI-1728 b,Transit,3.49151000000,5.05000000,26.78000000
TOI-1736 b,Transit,7.07307600000,3.18175535,12.30000000
TOI-1742 b,Transit,21.26908400000,2.36507598,9.70000000
TOI-1749 b,Transit,2.38839000000,1.39000000,57.00000000
TOI-1749 c,Transit,4.49290000000,2.12000000,14.00000000
TOI-1749 d,Transit,9.04970000000,2.52000000,15.00000000
TOI-1751 b,Transit,37.46852000000,2.95078450,19.50000000
TOI-1753 b,Transit,5.38461040000,2.47852533,16.60000000
TOI-1759 b,Transit,18.85019000000,3.14000000,10.80000000
TOI-1774.01,Transit,16.70988000000,2.78000000,8.50000000
TOI-1775 b,Transit,10.24055490000,8.04728896,96.00000000
TOI-1776 b,Transit,2.79986800000,1.21612741,1.40000000
TOI-178 b,Transit,1.91456010000,1.20000000,0.96000000
TOI-178 c,Transit,3.23848600000,1.75400000,4.64000000
TOI-178 d,Transit,6.55756900000,2.69500000,5.20000000
TOI-178 e,Transit,9.96318000000,2.30100000,3.48000000
TOI-178 f,Transit,15.23335000000,2.41700000,5.63000000
TOI-178 g,Transit,20.71663000000,2.93900000,4.40000000
TOI-1789 b,Transit,3.20866400000,16.14093221,222.47988490
TOI-1794 b,Transit,8.76552800000,3.29701268,8.70000000
TOI-1801 b,Transit,10.64387000000,2.07900000,5.73800000
TOI-1803 b,Transit,6.29328700000,2.99000000,10.32000000
TOI-1803 c,Transit,12.88577900000,4.29000000,8.00000000
TOI-1807 b,Transit,0.54937097000,1.49681583,2.44000000
TOI-181 b,Transit,4.53200000000,6.95590000,46.16870000
TOI-1811 b,Transit,3.71307650000,11.14172682,308.92921160
TOI-1820 b,Transit,4.86067400000,12.77823800,731.00533610
TOI-1823 b,Transit,38.80000000000,7.54062410,67.40000000
TOI-1824 b,Transit,22.80853300000,2.74382690,16.00000000
TOI-1836 b,Transit,20.38079900000,8.00321222,38.45723725
TOI-1836 c,Transit,1.77274710000,2.59987579,8.00000000
TOI-1842 b,Transit,9.57391810000,12.34850230,89.40000000
TOI-1853 b,Transit,1.24362580000,3.46000000,73.20000000
TOI-1855 b,Transit,1.36414864000,18.49481816,360.09958513
TOI-1898 b,Transit,45.52234000000,9.39553231,129.00000000
TOI-1899 b,Transit,29.09031200000,11.09689089,212.94503269
TOI-1937 A b,Transit,0.94667944000,13.97759893,638.83509807
TOI-199 b,Transit,104.85400000000,9.07927437,54.03082919
TOI-1994 b,Transit,4.03371420000,13.67495645,7024.00779470
TOI-2000 b,Transit,3.09833000000,2.70000000,11.00000000
TOI-2000 c,Transit,9.12705500000,8.14000000,81.70000000
TOI-2005 b,Transit,17.30590400000,11.99360935,2034.10180480
TOI-201 b,Transit,52.97794600000,11.82547464,184.34047606
TOI-201 c,Transit Timing Variations,2800.00000000000,11.13051784,4513.16337940
TOI-2010 b,Transit,141.83402500000,11.81426566,408.72733140
TOI-2015 b,Transit,3.34823700000,3.30900000,9.20000000
TOI-2018 b,Transit,7.43558300000,2.26800000,9.20000000
TOI-2019 b,Transit,15.34440000000,5.33275337,34.40000000
TOI-2025 b,Transit,8.87209820000,11.89272852,1144.18226520
TOI-2031 A b,Transit,5.71548654000,14.20177855,254.26272560
TOI-2046 b,Transit,1.49718420000,16.14093221,731.00533610
TOI-2076 c,Transit,21.01532700000,3.69441587,55.00000000
TOI-2076 d,Transit,35.12568600000,3.43087751,29.00000000
TOI-2088 b,Transit,124.72997000000,3.68311790,37.00000000
TOI-2093 c,Transit,53.81149000000,2.30000000,15.80000000
TOI-2095 b,Transit,17.66484000000,1.25000000,4.10000000
TOI-2095 c,Transit,28.17232000000,1.33000000,7.40000000
TOI-2107 b,Transit,2.45454670000,13.57407563,263.79757781
TOI-2109 b,Transit,0.67247414000,15.09849700,1595.49860314
TOI-2120 b,Transit,5.79981640000,2.12200000,6.80000000
TOI-2128 b,Transit,16.34136000000,2.08874836,4.50000000
TOI-2134 b,Transit,9.22920050000,2.69000000,9.13000000
TOI-2134 c,Transit,95.50000000000,7.27000000,41.89000000
TOI-2136 b,Transit,7.85192800000,2.19000000,6.37000000
TOI-2141 b,Transit,18.26160800000,3.14700000,20.10000000
TOI-2145 b,Transit,10.26112800000,12.24020692,1805.26535176
TOI-2152 A b,Transit,3.37735120000,14.35870428,899.45439181
TOI-2154 b,Transit,3.82408010000,16.28664896,292.40213444
TOI-2158 b,Transit,8.60077000000,10.76062147,260.61929374
TOI-216.01,Transit,34.52552800000,10.10000000,177.98390792
TOI-216.02,Transit,17.16073000000,8.00000000,18.75187601
TOI-2169 A b,Transit,8.21482820000,12.50922246,329.58805806
TOI-2180 b,Transit,260.79000000000,11.32107051,875.61726129
TOI-2184 b,Transit,6.90683000000,11.39953337,206.58846455
TOI-2193 A b,Transit,2.12257350000,19.83989584,298.75870258
TOI-2196 b,Transit,1.19472680000,3.51000000,26.00000000
TOI-220 b,Transit,10.69526400000,3.03000000,13.80000000
TOI-2202 b,Transit,11.91260750000,10.95117414,287.31687993
TOI-2207 b,Transit,8.00196800000,11.15293580,203.41018048
TOI-2236 b,Transit,3.53159020000,14.36991326,502.16888306
TOI-2295 b,Transit,30.03330200000,16.47720163,278.09985612
TOI-2322 b,Transit,11.30717000000,0.99400000,2.31000000
TOI-2322 c,Transit,20.22552800000,1.87400000,18.10000000
TOI-2328 b,Transit,17.10197000000,9.97599282,50.85254512
TOI-2337 b,Transit,2.99432000000,10.08808263,508.52545120
TOI-2338 b,Transit,22.65398000000,11.20898070,1900.61387386
TOI-2345 b,Transit,1.05285730000,1.50400000,3.49000000
TOI-2345 c,Transit,21.06430200000,2.45100000,7.27000000
TOI-2346 b,Transit,3.33120290000,16.11851425,394.10722468
TOI-2364 b,Transit,4.01975170000,8.60849718,71.51139158
TOI-2368 b,Transit,5.17500730000,10.83908434,206.58846455
TOI-2373 b,Transit,13.33668000000,10.42435205,2955.80418510
TOI-2374 b,Transit,4.31361000000,6.81000000,56.64000000
TOI-2379 b,Transit,5.46938270000,11.72459381,1830.69162432
TOI-238 b,Transit,1.27309900000,1.55900000,3.37000000
TOI-238 c,Radial Velocity,8.46565100000,2.18000000,6.70000000
TOI-2382 b,Transit,4.66120610000,12.25141591,235.19302118
TOI-2384 b,Transit,2.13570304000,11.48920522,624.85064816
TOI-2406 b,Transit,3.07668910000,2.86000000,15.60000000
TOI-2416 b,Transit,8.27547900000,9.86390302,953.48522100
TOI-2420 b,Transit,5.84264100000,15.02003414,294.62693329
TOI-2421 b,Transit,4.34740320000,10.36830715,105.83685953
TOI-244 b,Transit,7.39722500000,1.52000000,2.68000000
TOI-2443 b,Transit,15.66858000000,2.36300000,4.80000000
TOI-2447 b,Transit,69.33684000000,9.60609646,124.90656395
TOI-2449 b,Transit,106.14468000000,11.24000000,222.00000000
TOI-2458 b,Transit,3.73659000000,2.83000000,13.31000000
TOI-2485 b,Transit,11.23479000000,12.13932610,766.60211768
TOI-2497 b,Transit,10.65566900000,11.14172682,1531.93292174
TOI-2498 b,Transit,3.73825200000,6.06000000,34.62000000
TOI-251 b,Transit,4.93777000000,2.74000000,317.83000000
TOI-2524 b,Transit,7.18585000000,11.20898070,203.41018048
TOI-2525 b,Transit,23.28560000000,8.67575106,26.69758619
TOI-2525 c,Transit,49.25190000000,10.13291855,208.81326340
TOI-2529 b,Transit,64.59490000000,11.54525012,743.71847238
TOI-2537 b,Transit,94.10220000000,11.25381662,415.40172795
TOI-2567 b,Transit,5.98394400000,10.92875618,63.88350981
TOI-257 b,Transit,18.38818000000,7.16253867,43.86032017
TOI-2570 b,Transit,2.98876150000,13.64132951,260.61929374
TOI-2580 b,Transit,3.39775000000,17.37392009,200.23189641
TOI-2583 A b,Transit,4.52072650000,14.45958510,79.45710175
TOI-2587 A b,Transit,5.45664000000,12.07207221,69.28659273
TOI-2589 b,Transit,61.62770000000,12.10569916,1112.39942450
TOI-260 b,Transit,13.47585300000,1.71000000,4.23000000
TOI-2641 b,Transit,4.88097400000,18.10250383,122.68176510
TOI-2669 b,Transit,6.20340000000,19.72780603,193.87532827
TOI-269 b,Transit,3.69771040000,2.77000000,8.80000000
TOI-270 b,Transit,3.35992000000,1.28000000,1.48000000
TOI-270 c,Transit,5.66051000000,2.33000000,6.20000000
TOI-270 d,Transit,11.38194000000,2.00000000,4.20000000
TOI-2714 b,Transit,2.49938700000,13.72000000,228.00000000
TOI-2796 b,Transit,4.80849830000,17.26183028,139.84449908
TOI-2803 A b,Transit,1.96229325000,18.11371281,309.88269682
TOI-2818 b,Transit,4.03970900000,15.27784069,225.65816897
TOI-283 b,Transit,17.61745000000,2.34000000,6.54000000
TOI-2842 b,Transit,3.55140580000,12.84549188,117.59651059
TOI-286 b,Transit,4.51172440000,1.42000000,4.53000000
TOI-286 c,Transit,39.36182600000,1.88000000,3.72000000
TOI-2876 b,Transit,6.29964310000,9.63972340,54.03082919
TOI-2886 b,Transit,1.60200105000,18.64053490,444.95976980
TOI-2969 b,Transit,1.82371460000,12.32987877,368.68095212
TOI-2977 b,Transit,2.35056140000,13.15934334,533.95172376
TOI-2981 b,Transit,3.60150100000,13.40000000,638.00000000
TOI-2986 b,Transit,3.27836620000,9.29224500,96.61983573
TOI-2989 b,Transit,3.12283200000,12.55405838,953.48522100
TOI-2992 b,Transit,3.00781200000,13.75341932,1058.36859531
TOI-3023 b,Transit,3.90149710000,16.43236571,197.05361234
TOI-3071 b,Transit,1.26693800000,7.16000000,68.20000000
TOI-3135 b,Transit,3.70655850000,13.65253849,327.36325921
TOI-3160 A b,Transit,3.97128100000,13.76462830,378.21580433
TOI-3235 b,Transit,2.59261842000,11.39953337,211.35589065
TOI-3261 b,Transit,0.88313310000,3.82000000,30.30000000
TOI-3288 b,Transit,1.43386350000,11.20898070,670.61793877
TOI-329 b,Transit,5.70439000000,4.94057819,40.40000000
TOI-332 b,Transit,0.77703800000,3.20000000,57.20000000
TOI-3321 b,Transit,3.65251450000,15.55806521,176.07693748
TOI-333 b,Transit,3.78525030000,4.26000000,20.10000000
TOI-3331 A b,Transit,2.01802310000,12.97999965,721.47048389
TOI-3362 b,Transit,18.09547000000,12.80065596,1598.35905880
TOI-3364 b,Transit,5.87689180000,12.22899794,530.77343969
TOI-3464 b,Transit,3.65155680000,13.76462830,397.28550875
TOI-3474 b,Transit,3.87951050000,14.67255574,193.87532827
TOI-3486 b,Transit,2.21778105000,10.57006880,99.16246298
TOI-3493 b,Transit,8.15946670000,3.22000000,8.97000000
TOI-3523 A b,Transit,2.30458952000,15.97279750,435.42491759
TOI-3540 A b,Transit,3.11999900000,23.53885947,375.03752026
TOI-3568 b,Transit,4.41796500000,5.30000000,26.40000000
TOI-3593 b,Transit,3.82128670000,11.02963701,565.73456446
TOI-3629 b,Transit,3.93655100000,8.29464572,82.63538582
TOI-3682 b,Transit,3.34624060000,12.80065596,69.28659273
TOI-3688 A b,Transit,3.24607500000,13.08088048,311.47183886
TOI-3693 b,Transit,9.08851600000,12.59889431,324.18497514
TOI-3714 b,Transit,2.15484900000,11.32107051,222.47988490
TOI-375 b,Transit,9.45469000000,10.77183045,236.78216321
TOI-3757 b,Transit,3.43875300000,12.00000000,85.30000000
TOI-3785 b,Transit,4.67473730000,5.14000000,14.95000000
TOI-3807 b,Transit,2.89897270000,18.49481816,330.54154328
TOI-3819 b,Transit,3.24431410000,13.13692538,352.78953177
TOI-3837 b,Transit,11.88865000000,10.87271128,187.51876013
TOI-3856 b,Transit,2.04360352000,13.59649359,171.62733978
TOI-3877 b,Transit,4.12359600000,11.67975789,99.79811980
TOI-3884 b,Transit,4.54458280000,6.43000000,32.59000000
TOI-3894 b,Transit,4.33454000000,15.27784069,260.61929374
TOI-3912 b,Transit,3.49362640000,14.28024141,129.03833324
TOI-3919 b,Transit,7.43323400000,12.31866979,1233.17421916
TOI-3976 A b,Transit,6.60766200000,12.27383387,55.61997123
TOI-3980 b,Transit,3.60892540000,14.45958510,187.51876013
TOI-3984 A b,Transit,4.35332600000,7.90000000,44.00000000
TOI-4010 b,Transit,1.34833500000,3.02000000,11.00000000
TOI-4010 c,Transit,5.41465400000,5.93000000,20.31000000
TOI-4010 d,Transit,14.70886000000,6.18000000,38.15000000
TOI-406 c,Transit,3.30744100000,1.32000000,2.08000000
TOI-406.01,Transit,13.17568200000,2.08000000,6.57000000
TOI-4087 b,Transit,3.17748350000,13.04725353,232.01473711
TOI-411 b,Transit,4.04029500000,1.36200000,13.71000000
TOI-411 c,Transit,9.57308300000,2.32800000,9.72000000
TOI-4127 b,Transit,56.39879000000,12.28504285,731.00533610
TOI-4137 b,Transit,3.80161220000,13.57407563,457.67290608
TOI-4145 A b,Transit,4.06644280000,13.30506009,136.66621501
TOI-4153 b,Transit,4.61741410000,16.11851425,365.50266805
TOI-4201 b,Transit,3.58191940000,13.67495645,788.21444936
TOI-421 b,Transit,5.19757600000,2.64000000,6.70000000
TOI-421 c,Transit,16.06754100000,5.09000000,14.10000000
TOI-4214 b,Transit,3.49138850000,10.68215861,165.27077164
TOI-431 b,Transit,0.49004700000,1.28000000,3.07000000
TOI-431 d,Transit,12.46103000000,3.29000000,9.90000000
TOI-4329 b,Transit,2.92230000000,16.81347105,143.02278315
TOI-4336 A b,Transit,16.33635100000,2.13700000,3.33000000
TOI-4336 A c,Transit,7.58726600000,1.25100000,1.55000000
TOI-4342 b,Transit,5.53825920000,2.32900000,7.30000000
TOI-4342 c,Transit,10.68866200000,2.34900000,4.80000000
TOI-4377 b,Transit,4.37808100000,15.10970598,304.16178550
TOI-4379 b,Transit,3.25352000000,16.69017226,353.74301699
TOI-4406 b,Transit,30.08364000000,11.20898070,95.34852210
TOI-4438 b,Transit,7.44628000000,2.52000000,5.40000000
TOI-4463 A b,Transit,2.88071980000,13.26022417,252.35575516
TOI-4465 b,Transit,101.94054000000,14.01122587,1872.00931723
TOI-4487 A b,Transit,3.95407090000,14.60530185,397.28550875
TOI-4495 b,Transit,2.56699000000,2.48300000,7.70000000
TOI-4495 c,Transit,5.18553000000,4.03000000,23.20000000
TOI-4504 c,Transit,82.97213000000,11.09689089,1197.32317485
TOI-4507 b,Transit,104.61611000000,8.20000000,20.00000000
TOI-4515 b,Transit,15.26644600000,12.17000000,637.00000000
TOI-4529 b,Transit,5.87957700000,1.77000000,4.90000000
TOI-4551 b,Transit,9.95581000000,11.85910158,473.56432643
TOI-4582 b,Transit,31.03400000000,10.53644186,168.44905571
TOI-4600 b,Transit,82.68690000000,6.80000000,959.84178914
TOI-4600 c,Transit,482.81910000000,9.42000000,2946.26933289
TOI-4603 b,Transit,7.24599000000,11.67975789,4096.80816623
TOI-4633 c,Transit,271.94450000000,3.20000000,123.00000000
TOI-4641 b,Transit,22.09341000000,8.18255591,1229.99593509
TOI-4666 b,Transit,2.90891680000,12.44196858,222.47988490
TOI-469.01,Transit,13.63082050000,3.41000000,9.10000000
TOI-4734 b,Transit,6.23563300000,10.91754720,61.65871096
TOI-4773 b,Transit,1.74528510000,15.22179579,1687.66884117
TOI-4791 b,Transit,4.28088000000,12.44196858,734.18362017
TOI-4794 b,Transit,3.56581160000,14.35870428,308.29355479
TOI-480 b,Transit,6.86619600000,2.85372018,20.80000000
TOI-481 b,Transit,10.33111000000,11.09691000,486.27990000
TOI-4860 b,Transit,1.52275910000,8.70000000,86.70000000
TOI-4914 b,Transit,10.60057000000,12.87000000,227.00000000
TOI-4940 b,Transit,25.86781100000,6.61000000,89.00000000
TOI-4961 b,Transit,7.47918200000,12.34108775,572.09113260
TOI-4994 b,Transit,21.49198400000,8.54124329,88.99195396
TOI-500 b,Transit,0.54817700000,1.16600000,1.42000000
TOI-5005 b,Transit,6.30850440000,6.25000000,32.70000000
TOI-5027 b,Transit,10.24368000000,10.76062147,642.01338214
TOI-5076 b,Transit,23.44316200000,3.48935569,16.14568308
TOI-5108 b,Transit,6.75358100000,6.60000000,32.00000000
TOI-5110 b,Transit,30.15857700000,11.98240037,921.70238030
TOI-512 b,Transit,7.18886000000,1.54000000,3.57000000
TOI-5153 b,Transit,20.33003000000,11.88151954,1036.12060682
TOI-5181 A b,Transit,3.89222950000,13.34989601,330.54154328
TOI-519 b,Transit,1.26523280000,11.54525012,147.15455244
TOI-5205 b,Transit,1.63075700000,11.60000000,343.00000000
TOI-521 b,Transit,1.54285047000,1.98000000,5.30000000
TOI-5210 b,Transit,4.56610610000,10.72699453,81.99972901
TOI-5218 b,Transit,4.29145200000,9.86000000,657.00000000
TOI-5232 b,Transit,4.09666920000,12.77823800,743.71847238
TOI-5261 b,Transit,4.15097680000,11.60129502,3651.84839643
TOI-5293 A b,Transit,2.93028900000,11.90000000,170.40000000
TOI-530 b,Transit,6.38759700000,9.30345398,127.13136280
TOI-5300 b,Transit,2.26219600000,9.86390302,190.69704420
TOI-5301 b,Transit,5.85885800000,13.09208946,1182.32167404
TOI-532 b,Transit,2.32665080000,5.82000000,61.50000000
TOI-5322 b,Transit,5.42332070000,16.61170940,184.02264765
TOI-5340 b,Transit,4.93943920000,15.07607904,270.15414595
TOI-5344 b,Transit,3.79262200000,10.60369574,130.94530368
TOI-5349 b,Transit,3.31792100000,10.20000000,127.40000000
TOI-5350 b,Transit,7.58136700000,12.41955062,2094.48920213
TOI-5386 A b,Transit,3.62156552000,14.70618268,155.10026262
TOI-5388.01,Transit,2.59467480000,0.99000000,2.20000000
TOI-5398 b,Transit,10.59054700000,10.30000000,58.70000000
TOI-5398 c,Transit,4.77271000000,3.52000000,11.80000000
TOI-5422 b,Transit,5.37721900000,9.10169233,8899.19539600
TOI-544 b,Transit,1.54835200000,2.01800000,2.89000000
TOI-5542 b,Transit,75.12375000000,11.30986153,419.53349724
TOI-5573 b,Transit,8.79758977000,9.75000000,112.00000000
TOI-558 b,Transit,14.57407100000,12.17295304,1147.36054927
TOI-559 b,Transit,6.98390950000,12.22899794,1910.14872607
TOI-5592 b,Transit,2.60858460000,17.14974047,285.72773789
TOI-561 b,Transit,0.44656970000,1.39700000,2.02000000
TOI-561 c,Transit,10.77883800000,2.86500000,5.93000000
TOI-561 d,Transit,25.71268000000,2.61500000,13.33000000
TOI-561 e,Transit,77.14400000000,2.51700000,12.40000000
TOI-5616 b,Transit,2.00284900000,10.78000000,624.00000000
TOI-5634 A b,Transit,2.20353730000,10.42000000,588.00000000
TOI-564 b,Transit,1.65114400000,11.43318000,464.98529000
TOI-5678 b,Transit,47.73022000000,4.91000000,20.00000000
TOI-5688 A b,Transit,2.94815527000,10.30000000,124.00000000
TOI-5720 b,Transit,1.43445550000,1.09000000,4.30000000
TOI-5786 b,Transit,12.77910700000,8.54000000,73.00000000
TOI-5788 b,Transit,6.34075800000,1.52800000,3.72000000
TOI-5788 c,Transit,16.21336200000,2.27200000,6.40000000
TOI-5789 c,Transit,12.92774800000,2.86000000,5.00000000
TOI-5795 b,Transit,6.14063250000,5.62000000,23.66000000
TOI-5800 b,Transit,2.62788380000,2.46000000,9.50000000
TOI-5817 b,Transit,15.61031000000,3.08000000,10.30000000
TOI-5882 b,Transit,7.14897200000,11.46678726,6995.40323807
TOI-6008 b,Transit,0.85743470000,1.03000000,4.00000000
TOI-6016 b,Transit,4.02368700000,13.67495645,371.85923619
TOI-6029 b,Transit,5.79870000000,14.39233122,519.64944544
TOI-6034 b,Transit,2.57618400000,11.92000000,254.00000000
TOI-6038 A b,Transit,5.82673110000,6.41000000,78.50000000
TOI-6041 b,Transit,26.04945000000,4.55000000,28.90000000
TOI-6054.01,Transit,7.50142800000,2.64000000,12.50000000
TOI-6054.02,Transit,12.56363600000,2.82000000,9.30000000
TOI-6130 b,Transit,2.39267900000,14.34749530,333.71982735
TOI-615 b,Transit,4.66159830000,18.97680433,138.25535705
TOI-622 b,Transit,6.40251300000,9.23620010,96.30200732
TOI-6255 b,Transit,0.23818244000,1.07900000,1.44000000
TOI-628 b,Transit,3.40956750000,11.88154000,2011.86390000
TOI-6303 b,Transit,9.48523600000,11.59000000,2493.00000000
TOI-6324 b,Transit,0.27922100000,1.05900000,1.17000000
TOI-6330 b,Transit,6.85002460000,10.89000000,3179.00000000
TOI-6383 A b,Transit,1.79058695000,11.29000000,331.00000000
TOI-640 b,Transit,5.00377700000,19.27944680,181.16219199
TOI-6420 b,Transit,6.96150800000,11.93756445,2606.19293740
TOI-654.01,Transit,1.52756100000,2.37800000,8.71000000
TOI-6628 b,Transit,18.18424000000,10.98480109,235.19302118
TOI-663 b,Transit,2.59890200000,2.27000000,4.45000000
TOI-663 c,Transit,4.69555070000,2.26000000,3.65000000
TOI-663 d,Transit,7.10272680000,1.92000000,5.20000000
TOI-6651 b,Transit,5.05697300000,5.09000000,61.00000000
TOI-669 b,Transit,3.94515200000,2.58606487,10.00000000
TOI-6692 b,Transit,131.12500000000,11.67975789,197.05361234
TOI-6695 b,Transit,80.38900000000,9.52763359,66.74396547
TOI-674 b,Transit,1.97714300000,5.25000000,23.60000000
TOI-677 b,Transit,11.23659850000,13.11450742,392.20025424
TOI-6894 b,Transit,3.37077196000,9.58367850,53.39517238
TOI-7041 b,Transit,9.69100000000,11.43316031,114.41822652
TOI-7149 b,Transit,2.65206166000,13.20000000,224.00000000
TOI-733 b,Transit,4.88476500000,1.99200000,5.72000000
TOI-7510 b,Transit,11.53086900000,7.31000000,18.10000000
TOI-7510 c,Transit,22.56874230000,10.81000000,131.00000000
TOI-7510 d,Transit,48.86446800000,10.52000000,190.00000000
TOI-756 b,Transit,1.23924950000,2.81000000,9.83000000
TOI-757 b,Transit,17.46819000000,2.50000000,10.50000000
TOI-762 A b,Transit,3.47168260000,8.33948164,79.77493016
TOI-763 b,Transit,5.60570000000,2.28000000,9.79000000
TOI-763 c,Transit,12.27370000000,2.63000000,9.32000000
TOI-771 b,Transit,2.32601550000,1.36000000,2.47000000
TOI-776 b,Transit,8.24662000000,1.79800000,5.00000000
TOI-776 c,Transit,15.66532300000,2.04700000,6.90000000
TOI-778 b,Transit,4.63361100000,15.40000000,878.00000000
TOI-782 b,Transit,8.02400150000,2.73400000,19.10000000
TOI-784 b,Transit,2.79703650000,1.93000000,9.67000000
TOI-815 b,Transit,11.19725900000,2.94000000,7.60000000
TOI-815 c,Transit,34.97614500000,2.62000000,23.50000000
TOI-824 b,Transit,1.39297800000,2.92600000,18.46700000
TOI-836 b,Transit,3.81673000000,1.70400000,4.53000000
TOI-836.01,Transit,8.59545000000,2.58700000,9.60000000
TOI-837 b,Transit,8.32491130000,9.16894621,120.45696625
TOI-849 b,Transit,0.76554800000,3.64000000,41.80000000
TOI-858 B b,Transit,3.27971780000,14.06727078,349.61124770
TOI-892 b,Transit,10.62656000000,11.99363000,301.93850000
TOI-905 b,Transit,3.73949400000,13.12573900,211.99261000
TOI-908 b,Transit,3.18379200000,3.18600000,16.13700000
TOI-912 b,Transit,4.67806910000,1.93000000,5.10000000
TOI-954 b,Transit,3.68497290000,9.55006800,55.30242000
TOI-969 b,Transit,1.82373050000,2.76500000,9.10000000
TRAPPIST-1 b,Transit,1.51082600000,1.11600000,1.37400000
TRAPPIST-1 c,Transit,2.42193700000,1.09700000,1.30800000
TRAPPIST-1 d,Transit,4.04921900000,0.78800000,0.38800000
TRAPPIST-1 e,Transit,6.10101300000,0.92000000,0.69200000
TRAPPIST-1 f,Transit,9.20754000000,1.04500000,1.03900000
TRAPPIST-1 g,Transit,12.35244600000,1.12900000,1.32100000
TRAPPIST-1 h,Transit,18.77286600000,0.75500000,0.32600000
TrES-1 b,Transit,3.03007000000,12.66617000,266.97720000
TrES-2 b,Transit,2.47063000000,15.24424000,473.56670000
TrES-3 b,Transit,1.30618581000,14.97500000,607.03000000
TrES-4 b,Transit,3.55395000000,18.04649000,247.90740000
TrES-5 b,Transit,1.48224686000,13.38354600,568.91570000
V1298 Tau b,Transit,24.14000600000,9.41000000,13.10000000
V1298 Tau c,Transit,8.24916400000,5.08000000,4.70000000
V1298 Tau d,Transit,12.40139400000,6.53000000,6.00000000
V1298 Tau e,Transit,48.67771400000,10.17000000,15.30000000
VHS J125601.92-125723.9 b,Imaging,5800000.00000000000,13.67495645,5085.25451200
WASP-1 b,Transit,2.51994540000,16.62300000,271.41500000
WASP-10 b,Transit,3.09276160000,12.10600000,1001.12000000
WASP-100 b,Transit,2.84938000000,14.90797000,400.46580000
WASP-101 b,Transit,3.58572000000,16.02887000,162.09330000
WASP-102 b,Transit,2.70981300000,14.90794433,197.68926915
WASP-103 b,Transit,0.92554200000,17.12700000,473.54700000
WASP-104 b,Transit,1.75541370000,12.74500000,404.26300000
WASP-105 b,Transit,7.87288000000,10.76064000,572.09400000
WASP-106 b,Transit,9.28969000000,12.10569916,613.40882551
WASP-11 b,Transit,3.72247000000,12.44199000,251.08570000
WASP-110 b,Transit,3.77840220000,13.19297028,154.78243421
WASP-113 b,Transit,4.54216874538,15.79348100,150.96925000
WASP-114 b,Transit,1.54877430000,15.00885100,562.24127000
WASP-116 b,Transit,6.61320000000,13.67495645,203.41018048
WASP-117 b,Transit,10.02165000000,11.88154000,95.34900000
WASP-118 b,Transit,4.04604350000,16.14096000,163.36462000
WASP-119 b,Transit,2.49979000000,15.69260000,390.93090000
WASP-121 b,Transit,1.27492504000,19.52604438,371.85923619
WASP-124 b,Transit,3.37265000000,13.89916000,190.69800000
WASP-127 b,Transit,4.17806203000,14.69499900,52.34660100
WASP-129 b,Transit,5.74814500000,10.42437000,317.83000000
WASP-13 b,Transit,4.35301000000,13.67498000,114.41880000
WASP-130 b,Transit,11.55098000000,9.97601000,390.93090000
WASP-131 b,Transit,5.32201250000,13.74221034,86.76715511
WASP-132 b,Transit,7.13351640000,10.09929161,136.03055820
WASP-132 c,Transit,1.01153624000,1.84100000,6.26000000
WASP-133 b,Transit,2.17642300000,13.56289000,368.68280000
WASP-135 b,Transit,1.40137940000,14.57170000,603.87700000
WASP-138 b,Transit,3.63443300000,12.21781000,387.75260000
WASP-139 b,Transit,5.92426200000,8.96720000,37.18611000
WASP-14 b,Transit,2.24375000000,15.46842000,2809.61720000
WASP-141 b,Transit,3.31065100000,13.56289000,854.96270000
WASP-142 b,Transit,2.05286800000,17.14977000,266.97720000
WASP-144 b,Transit,2.27831520000,9.52765000,139.84520000
WASP-145 A b,Transit,1.76903810000,10.08810000,282.86870000
WASP-147 b,Transit,4.60273000000,12.49803500,87.40325000
WASP-148 b,Transit,8.80380900000,8.47398941,91.21675281
WASP-149 b,Transit,1.33281300000,15.24421375,314.96795134
WASP-15 b,Transit,3.75210000000,15.80469000,171.62820000
WASP-150 b,Transit,5.64420700000,11.99363000,2688.84180000
WASP-151 b,Transit,4.53347750000,13.30506009,100.43377661
WASP-153 b,Transit,3.33260900000,17.37395000,123.95370000
WASP-154 b,Transit,3.81167800000,10.76062147,198.96058278
WASP-155 b,Transit,3.11041300000,13.45077684,276.82854250
WASP-156 b,Transit,3.83616230000,6.02802815,41.80000000
WASP-158 b,Transit,3.65633300000,11.99363000,886.74570000
WASP-159 b,Transit,3.84040100000,15.46842000,174.80650000
WASP-16 b,Transit,3.11860000000,13.67498000,394.10920000
WASP-160 B b,Transit,3.76849520000,12.21781000,88.35674000
WASP-161 b,Transit,5.40604250000,12.81188700,791.39670000
WASP-162 b,Transit,9.62468000000,11.20900000,1652.71600000
WASP-163 b,Transit,1.60968840000,13.47321800,594.34210000
WASP-164 b,Transit,1.77712550000,12.64375200,676.97790000
WASP-165 b,Transit,3.46550900000,14.12334000,209.13214000
WASP-166 b,Transit,5.44354000000,7.06167000,32.10083000
WASP-167 b,Transit,2.02195960000,17.71022000,2542.64000000
WASP-168 b,Transit,4.15365800000,16.81350000,133.48860000
WASP-169 b,Transit,5.61141180000,14.61653600,178.30263000
WASP-17 b,Transit,3.73543000000,20.96083000,247.90740000
WASP-170 b,Transit,2.34478022000,12.28506400,508.52800000
WASP-171 b,Transit,3.81862440000,10.98482000,344.52772000
WASP-172 b,Transit,5.47743300000,17.59813000,149.38010000
WASP-173 A b,Transit,1.38665318000,13.45080000,1172.79270000
WASP-174 b,Transit,4.23370050000,16.10730527,104.88337431
WASP-175 b,Transit,3.06529070000,13.54047200,314.65170000
WASP-176 b,Transit,3.89905200000,16.86954500,271.74465000
WASP-177 b,Transit,3.07172200000,17.71022000,161.45764000
WASP-178 b,Transit,3.34482850000,20.28829000,527.59780000
WASP-18 b,Transit,0.94145223000,13.89913607,3241.84975140
WASP-180 A b,Transit,3.40926400000,13.89916000,286.04700000
WASP-181 b,Transit,4.51950640000,13.27145600,95.03117000
WASP-182 b,Transit,3.37698480000,9.52765000,47.03884000
WASP-183 b,Transit,4.11177710000,16.47723000,159.55066000
WASP-184 b,Transit,5.18170000000,14.90797000,181.16310000
WASP-185 b,Transit,9.38755000000,14.01125000,311.47340000
WASP-186 b,Transit,5.02679900000,12.44199000,1341.24260000
WASP-187 b,Transit,5.14787800000,18.38276000,254.26400000
WASP-188 b,Transit,5.74891600000,14.81827249,458.62639130
WASP-189 b,Transit,2.72403300000,18.14733975,632.47852993
WASP-19 b,Transit,0.78883852000,15.86070769,366.77398168
WASP-190 b,Transit,5.36775300000,12.89035000,317.83000000
WASP-192 b,Transit,2.87867650000,13.78707000,731.00900000
WASP-193 b,Transit,6.24634750000,14.78464554,35.59678158
WASP-194 b,Transit,3.18338700000,15.47960235,373.13054982
WASP-195 b,Transit,5.05192800000,10.31226224,33.05415433
WASP-197 b,Transit,5.16722800000,14.44837612,403.32424848
WASP-2 b,Transit,2.15217500000,12.11692900,295.89973000
WASP-21 b,Transit,4.32248200000,11.99000000,95.34500000
WASP-22 b,Transit,3.53269000000,13.78707000,212.94610000
WASP-23 b,Transit,2.94442560000,10.78300000,280.95000000
WASP-24 b,Transit,2.34121000000,15.46842000,394.10920000
WASP-25 b,Transit,3.76483370000,13.80946422,179.25522155
WASP-26 b,Transit,2.75660000000,13.56289000,270.15550000
WASP-28 b,Transit,3.40883495000,13.66374747,282.54945382
WASP-29 b,Transit,3.92273000000,8.63093000,73.10090000
WASP-3 b,Transit,1.84683000000,15.91678000,772.32690000
WASP-31 b,Transit,3.40590960000,17.36300000,151.91600000
WASP-32 b,Transit,2.71866000000,10.76064000,835.89290000
WASP-33 b,Transit,1.21987000000,17.85593700,665.21819000
WASP-34 b,Transit,4.31768000000,11.20900000,177.98480000
WASP-35 b,Transit,3.16158000000,14.57170000,225.65930000
WASP-36 b,Transit,1.53736596000,14.87434300,750.39663000
WASP-37 b,Transit,3.57746900000,13.00200000,572.07000000
WASP-38 b,Transit,6.87188000000,13.78707000,1093.33520000
WASP-39 b,Transit,4.05529410000,14.33631100,89.31023000
WASP-4 b,Transit,1.33823099400,15.12091496,381.39408840
WASP-41 b,Transit,3.05240000000,12.32990000,270.15550000
WASP-42 b,Transit,4.98168190000,12.57649800,167.49641000
WASP-43 b,Transit,0.81347500000,10.42400000,565.71400000
WASP-44 b,Transit,2.42380400000,12.32990000,276.51210000
WASP-45 b,Transit,3.12608900000,10.60371400,306.38812000
WASP-46 b,Transit,1.43036763000,13.15936600,607.05530000
WASP-47 b,Transit,4.15915100000,12.86000000,374.00000000
WASP-47 d,Transit,9.03050100000,3.65000000,15.50000000
WASP-47 e,Transit,0.78961000000,1.83000000,9.00000000
WASP-48 b,Transit,2.14363000000,16.81350000,254.26400000
WASP-49 b,Transit,2.78174000000,12.44199000,117.59710000
WASP-5 b,Transit,1.62842790000,12.18400000,502.15000000
WASP-50 b,Transit,1.95510000000,13.06969400,466.82870400
WASP-52 b,Transit,1.74977980000,14.24000000,146.20000000
WASP-53 b,Transit,3.30984430000,12.03846600,677.61356000
WASP-54 b,Transit,3.69364000000,17.71022000,187.51970000
WASP-55 b,Transit,4.46563100000,14.72860064,186.24744650
WASP-56 b,Transit,4.61710000000,10.53646000,143.02350000
WASP-57 b,Transit,2.83891856000,11.76945000,204.68252000
WASP-58 b,Transit,5.01718000000,16.02887000,308.29510000
WASP-59 b,Transit,7.91958500000,8.68700000,274.27600000
WASP-6 b,Transit,3.36100260000,12.54284940,148.42586607
WASP-60 b,Transit,4.30500000000,9.86392000,174.80650000
WASP-61 b,Transit,3.85590000000,15.80469000,851.78440000
WASP-62 b,Transit,4.41195000000,14.79588000,165.27160000
WASP-63 b,Transit,4.37808000000,15.80469000,117.59710000
WASP-64 b,Transit,1.57329180000,14.24700000,403.94500000
WASP-65 b,Transit,2.31142430000,12.46400000,492.62000000
WASP-66 b,Transit,4.08605000000,15.69260000,746.90050000
WASP-67 b,Transit,4.61442000000,12.89035000,136.66690000
WASP-68 b,Transit,5.08430000000,14.79588000,343.25640000
WASP-69 b,Transit,3.86813881000,11.21000000,82.58000000
WASP-7 b,Transit,4.95464160000,14.90797000,305.11680000
WASP-70 A b,Transit,3.71302030000,13.04700000,187.51200000
WASP-71 b,Transit,2.90367000000,13.22662000,441.78370000
WASP-72 b,Transit,2.21673000000,14.45961000,731.00900000
WASP-73 b,Transit,4.08722000000,15.91678000,908.99380000
WASP-74 b,Transit,2.13775000000,15.24424000,228.83760000
WASP-75 b,Transit,2.48419300000,14.23500000,340.06000000
WASP-76 b,Transit,1.80988198000,20.78145022,284.13859586
WASP-78 b,Transit,2.17518000000,21.63337000,352.79130000
WASP-79 b,Transit,3.66239200000,17.14974047,270.15414595
WASP-8 b,Transit,8.15872000000,12.66617000,807.28820000
WASP-80 b,Transit,3.06785234000,11.19779100,170.99254000
WASP-81 b,Transit,2.71647620000,16.01766100,231.69807000
WASP-82 b,Transit,2.70579000000,18.15858000,371.86110000
WASP-83 b,Transit,4.97125200000,11.65736000,95.34900000
WASP-84 b,Transit,8.52349648000,10.72000000,220.00000000
WASP-84 c,Transit,1.44688490000,1.95000000,15.20000000
WASP-85 A b,Transit,2.65567770000,13.89916000,402.05495000
WASP-87 b,Transit,1.68279500000,15.52446500,692.86940000
WASP-88 b,Transit,4.95400000000,16.36514000,133.48860000
WASP-89 b,Transit,3.35642270000,11.65736000,1875.19700000
WASP-90 b,Transit,3.91624300000,18.27067000,200.23290000
WASP-91 b,Transit,2.79858100000,11.54527000,425.89220000
WASP-92 b,Transit,2.17467420000,16.37634900,255.85315000
WASP-93 b,Transit,2.73253210000,17.90077300,467.21010000
WASP-94 A b,Transit,3.95019000000,17.71022000,158.91500000
WASP-95 b,Transit,2.18467000000,13.78707000,457.67520000
WASP-96 b,Transit,3.42526020000,13.45000000,152.55000000
WASP-97 b,Transit,2.07276000000,12.77826000,432.24880000
WASP-98 b,Transit,2.96264036000,12.82309600,293.03926000
WASP-99 b,Transit,5.75251000000,11.43318000,772.32690000
WD 1856+534 b,Transit,1.40794050000,10.40000000,4386.05400000
WTS-1 b,Transit,3.35205700000,16.70000000,1274.44000000
WTS-2 b,Transit,1.01870680000,15.27786700,355.96960000
Wendelstein-1 b,Transit,2.66341600000,11.56096260,188.15536000
Wendelstein-2 b,Transit,1.75222390000,12.99347280,232.33373000
Wolf 327 b,Transit,0.57347450000,1.24000000,2.53000000
Wolf 503 b,Transit,6.00127000000,2.04300000,6.26000000
XO-1 b,Transit,3.94153000000,12.77826000,263.79890000
XO-2 N b,Transit,2.61586178000,11.13053700,179.89178000
XO-3 b,Transit,3.19152309000,14.79585452,4217.58296089
XO-4 b,Transit,4.12508000000,14.01125000,451.31860000
XO-5 b,Transit,4.18775580000,12.78000000,378.20000000
XO-6 b,Transit,3.76500070000,23.20263000,1398.45200000
XO-7 b,Transit,2.86414240000,15.38995700,225.34147000
ZTF J1230-2655 b,Transit,0.23597766000,13.78704626,7024.00779470
ZTF J1828+2308 b,Transit,0.11200670000,11.13051784,6356.56814000
